pupi0414,9,OV
blahp4108,4,OV
blugr1612,2,OV
glb5202,9,OV
obla17102,2,OV
obla17102,4,OV
blahp9904,7,OV
gr0965,1,OV
obla17102,5,OV
gr0869,11,OV
obla17102,6,OV
glb5656,2,OV
glb5202,7,OV
blugr1612,5,OV
blahp9904,8,OV
gr0965,3,OV
pupi0414,8,OV
obla17102,9,OV
gr0869,2,OV
gr0869,7,OV
pupi0414,5,OV
gr0965,7,OV
obla1305,5,OV
glb5656,3,OV
glb5656,5,OV
gr0965,5,OV
pupi0414,3,OV
gr1070,5,OV
blugr1612,3,OV
pupi0414,7,OV
pupi0414,6,OV
gr1070,1,OV
gr0965,4,OV
blahp9904,9,OV
blugr1612,4,OV
obla1305,7,OV
pupi0414,1,OV
glb5656,4,OV
gr0869,10,OV
glb5202,5,OV
gr1070,4,OV
gr1070,2,OV
obla1305,6,OV
gr0869,5,OV
gr0869,9,OV
obla1305,8,OV
pupi0414,2,OV
pupi0414,10,OV
gr0869,8,OV
gr0965,2,OV
glb5202,6,OV
obla17102,10,OV
blahp4108,5,OV
blahp9904,6,OV
gr0965,6,OV
obla17102,8,OV
obla1305,4,OV
obla17102,7,OV
gr1070,3,OV
