region,preproc,model,thresh,score
L,rawspectrogram,linear,0.00,0.335345
L,rawspectrogram,linear,0.25,0.349194
L,rawspectrogram,linear,0.50,0.339919
L,rawspectrogram,linear,0.75,0.339643
L,rawspectrogram,linear,1.00,0.326446
L,rawspectrogram,sepnl_spline,0.00,0.429181
L,rawspectrogram,sepnl_spline,0.25,0.428890
L,rawspectrogram,sepnl_spline,0.50,0.432920
L,rawspectrogram,sepnl_spline,0.75,0.431843
L,rawspectrogram,sepnl_spline,1.00,0.445344
L,rawspectrogram,sepnl_dists,0.00,0.425787
L,rawspectrogram,sepnl_dists,0.25,0.425367
L,rawspectrogram,sepnl_dists,0.50,0.428892
L,rawspectrogram,sepnl_dists,0.75,0.438671
L,rawspectrogram,sepnl_dists,1.00,0.440851
L,rawspectrogram,poisson,0.00,0.248046
L,rawspectrogram,poisson,0.25,0.265349
L,rawspectrogram,poisson,0.50,0.345336
L,rawspectrogram,poisson,0.75,0.350448
L,rawspectrogram,poisson,1.00,0.362021
L,rawspectrogram,binomial,0.00,0.072855
L,rawspectrogram,binomial,0.25,0.117492
L,rawspectrogram,binomial,0.50,0.357871
L,rawspectrogram,binomial,0.75,0.393491
L,rawspectrogram,binomial,1.00,0.405586
L,rawspectrogram,leglm,0.00,0.352828
L,rawspectrogram,leglm,0.25,0.368090
L,rawspectrogram,leglm,0.50,0.381056
L,rawspectrogram,leglm,0.75,0.395027
L,rawspectrogram,leglm,1.00,0.389213
L,lyons,linear,0.00,0.408662
L,lyons,linear,0.25,0.409663
L,lyons,linear,0.50,0.413676
L,lyons,linear,0.75,0.411874
L,lyons,linear,1.00,0.391821
L,lyons,sepnl_spline,0.00,0.488654
L,lyons,sepnl_spline,0.25,0.490168
L,lyons,sepnl_spline,0.50,0.488975
L,lyons,sepnl_spline,0.75,0.491162
L,lyons,sepnl_spline,1.00,0.465918
L,lyons,sepnl_dists,0.00,0.393207
L,lyons,sepnl_dists,0.25,0.422196
L,lyons,sepnl_dists,0.50,0.399889
L,lyons,sepnl_dists,0.75,0.460532
L,lyons,sepnl_dists,1.00,0.463441
L,lyons,poisson,0.00,0.175211
L,lyons,poisson,0.25,0.307245
L,lyons,poisson,0.50,0.355090
L,lyons,poisson,0.75,0.342807
L,lyons,poisson,1.00,0.325918
L,lyons,binomial,0.00,0.153286
L,lyons,binomial,0.25,0.295497
L,lyons,binomial,0.50,0.320159
L,lyons,binomial,0.75,0.390633
L,lyons,binomial,1.00,0.374669
L,lyons,leglm,0.00,0.369635
L,lyons,leglm,0.25,0.382229
L,lyons,leglm,0.50,0.386063
L,lyons,leglm,0.75,0.374753
L,lyons,leglm,1.00,0.357071
L,surprise,linear,0.00,0.489907
L,surprise,linear,0.25,0.489746
L,surprise,linear,0.50,0.488179
L,surprise,linear,0.75,0.488707
L,surprise,linear,1.00,0.482853
L,surprise,sepnl_spline,0.00,0.505438
L,surprise,sepnl_spline,0.25,0.504561
L,surprise,sepnl_spline,0.50,0.500630
L,surprise,sepnl_spline,0.75,0.500313
L,surprise,sepnl_spline,1.00,0.488107
L,surprise,sepnl_dists,0.00,0.499470
L,surprise,sepnl_dists,0.25,0.489252
L,surprise,sepnl_dists,0.50,0.489790
L,surprise,sepnl_dists,0.75,0.483239
L,surprise,sepnl_dists,1.00,0.482747
L,surprise,poisson,0.00,0.277595
L,surprise,poisson,0.25,0.281330
L,surprise,poisson,0.50,0.283402
L,surprise,poisson,0.75,0.291610
L,surprise,poisson,1.00,0.343359
L,surprise,binomial,0.00,0.324786
L,surprise,binomial,0.25,0.324807
L,surprise,binomial,0.50,0.334062
L,surprise,binomial,0.75,0.358128
L,surprise,binomial,1.00,0.417840
L,surprise,leglm,0.00,0.425980
L,surprise,leglm,0.25,0.428751
L,surprise,leglm,0.50,0.433103
L,surprise,leglm,0.75,0.426450
L,surprise,leglm,1.00,0.423522
MLd,rawspectrogram,linear,0.00,0.253695
MLd,rawspectrogram,linear,0.25,0.254299
MLd,rawspectrogram,linear,0.50,0.254352
MLd,rawspectrogram,linear,0.75,0.251093
MLd,rawspectrogram,linear,1.00,0.233451
MLd,rawspectrogram,sepnl_spline,0.00,0.291662
MLd,rawspectrogram,sepnl_spline,0.25,0.312728
MLd,rawspectrogram,sepnl_spline,0.50,0.298487
MLd,rawspectrogram,sepnl_spline,0.75,0.306042
MLd,rawspectrogram,sepnl_spline,1.00,0.301808
MLd,rawspectrogram,sepnl_dists,0.00,0.264774
MLd,rawspectrogram,sepnl_dists,0.25,0.209963
MLd,rawspectrogram,sepnl_dists,0.50,0.235201
MLd,rawspectrogram,sepnl_dists,0.75,0.246369
MLd,rawspectrogram,sepnl_dists,1.00,0.264358
MLd,rawspectrogram,poisson,0.00,0.021400
MLd,rawspectrogram,poisson,0.25,0.039953
MLd,rawspectrogram,poisson,0.50,0.110065
MLd,rawspectrogram,poisson,0.75,0.193946
MLd,rawspectrogram,poisson,1.00,0.195396
MLd,rawspectrogram,binomial,0.00,0.039805
MLd,rawspectrogram,binomial,0.25,0.053625
MLd,rawspectrogram,binomial,0.50,0.163674
MLd,rawspectrogram,binomial,0.75,0.255863
MLd,rawspectrogram,binomial,1.00,0.219266
MLd,rawspectrogram,leglm,0.00,0.056880
MLd,rawspectrogram,leglm,0.25,0.069645
MLd,rawspectrogram,leglm,0.50,0.224546
MLd,rawspectrogram,leglm,0.75,0.229464
MLd,rawspectrogram,leglm,1.00,0.212797
MLd,lyons,linear,0.00,0.356614
MLd,lyons,linear,0.25,0.360693
MLd,lyons,linear,0.50,0.361232
MLd,lyons,linear,0.75,0.352724
MLd,lyons,linear,1.00,0.343322
MLd,lyons,sepnl_spline,0.00,0.474757
MLd,lyons,sepnl_spline,0.25,0.471438
MLd,lyons,sepnl_spline,0.50,0.390752
MLd,lyons,sepnl_spline,0.75,0.452079
MLd,lyons,sepnl_spline,1.00,0.404638
MLd,lyons,sepnl_dists,0.00,0.463387
MLd,lyons,sepnl_dists,0.25,0.467422
MLd,lyons,sepnl_dists,0.50,0.451435
MLd,lyons,sepnl_dists,0.75,0.460334
MLd,lyons,sepnl_dists,1.00,0.432863
MLd,lyons,poisson,0.00,0.020167
MLd,lyons,poisson,0.25,0.116965
MLd,lyons,poisson,0.50,0.190142
MLd,lyons,poisson,0.75,0.337523
MLd,lyons,poisson,1.00,0.327386
MLd,lyons,binomial,0.00,0.020801
MLd,lyons,binomial,0.25,0.029116
MLd,lyons,binomial,0.50,0.171097
MLd,lyons,binomial,0.75,0.389376
MLd,lyons,binomial,1.00,0.380039
MLd,lyons,leglm,0.00,0.065816
MLd,lyons,leglm,0.25,0.173142
MLd,lyons,leglm,0.50,0.325558
MLd,lyons,leglm,0.75,0.388379
MLd,lyons,leglm,1.00,0.364627
MLd,surprise,linear,0.00,0.289993
MLd,surprise,linear,0.25,0.287390
MLd,surprise,linear,0.50,0.285126
MLd,surprise,linear,0.75,0.279160
MLd,surprise,linear,1.00,0.277037
MLd,surprise,sepnl_spline,0.00,0.307848
MLd,surprise,sepnl_spline,0.25,0.305193
MLd,surprise,sepnl_spline,0.50,0.302056
MLd,surprise,sepnl_spline,0.75,0.313305
MLd,surprise,sepnl_spline,1.00,0.293262
MLd,surprise,sepnl_dists,0.00,0.282600
MLd,surprise,sepnl_dists,0.25,0.289718
MLd,surprise,sepnl_dists,0.50,0.255688
MLd,surprise,sepnl_dists,0.75,0.241687
MLd,surprise,sepnl_dists,1.00,0.226843
MLd,surprise,poisson,0.00,0.242053
MLd,surprise,poisson,0.25,0.235287
MLd,surprise,poisson,0.50,0.220405
MLd,surprise,poisson,0.75,0.241169
MLd,surprise,poisson,1.00,0.148155
MLd,surprise,binomial,0.00,0.296181
MLd,surprise,binomial,0.25,0.292107
MLd,surprise,binomial,0.50,0.303695
MLd,surprise,binomial,0.75,0.306558
MLd,surprise,binomial,1.00,0.215716
MLd,surprise,leglm,0.00,0.331258
MLd,surprise,leglm,0.25,0.317401
MLd,surprise,leglm,0.50,0.313289
MLd,surprise,leglm,0.75,0.306259
MLd,surprise,leglm,1.00,0.175114
OV,rawspectrogram,linear,0.00,0.534347
OV,rawspectrogram,linear,0.25,0.540039
OV,rawspectrogram,linear,0.50,0.544134
OV,rawspectrogram,linear,0.75,0.543936
OV,rawspectrogram,linear,1.00,0.538662
OV,rawspectrogram,sepnl_spline,0.00,0.535850
OV,rawspectrogram,sepnl_spline,0.25,0.572140
OV,rawspectrogram,sepnl_spline,0.50,0.578867
OV,rawspectrogram,sepnl_spline,0.75,0.589432
OV,rawspectrogram,sepnl_spline,1.00,0.584217
OV,rawspectrogram,sepnl_dists,0.00,0.554559
OV,rawspectrogram,sepnl_dists,0.25,0.565626
OV,rawspectrogram,sepnl_dists,0.50,0.570304
OV,rawspectrogram,sepnl_dists,0.75,0.586100
OV,rawspectrogram,sepnl_dists,1.00,0.591297
OV,rawspectrogram,poisson,0.00,0.241344
OV,rawspectrogram,poisson,0.25,0.281592
OV,rawspectrogram,poisson,0.50,0.298087
OV,rawspectrogram,poisson,0.75,0.295171
OV,rawspectrogram,poisson,1.00,0.287305
OV,rawspectrogram,binomial,0.00,0.132380
OV,rawspectrogram,binomial,0.25,0.239669
OV,rawspectrogram,binomial,0.50,0.508651
OV,rawspectrogram,binomial,0.75,0.522578
OV,rawspectrogram,binomial,1.00,0.503922
OV,rawspectrogram,leglm,0.00,0.481298
OV,rawspectrogram,leglm,0.25,0.483337
OV,rawspectrogram,leglm,0.50,0.487600
OV,rawspectrogram,leglm,0.75,0.478567
OV,rawspectrogram,leglm,1.00,0.413222
OV,lyons,linear,0.00,0.560577
OV,lyons,linear,0.25,0.578632
OV,lyons,linear,0.50,0.585211
OV,lyons,linear,0.75,0.586371
OV,lyons,linear,1.00,0.582058
OV,lyons,sepnl_spline,0.00,0.570627
OV,lyons,sepnl_spline,0.25,0.600840
OV,lyons,sepnl_spline,0.50,0.609501
OV,lyons,sepnl_spline,0.75,0.611139
OV,lyons,sepnl_spline,1.00,0.604239
OV,lyons,sepnl_dists,0.00,0.563201
OV,lyons,sepnl_dists,0.25,0.584606
OV,lyons,sepnl_dists,0.50,0.592296
OV,lyons,sepnl_dists,0.75,0.588313
OV,lyons,sepnl_dists,1.00,0.557139
OV,lyons,poisson,0.00,0.388408
OV,lyons,poisson,0.25,0.298143
OV,lyons,poisson,0.50,0.307840
OV,lyons,poisson,0.75,0.310360
OV,lyons,poisson,1.00,0.313836
OV,lyons,binomial,0.00,0.307300
OV,lyons,binomial,0.25,0.403555
OV,lyons,binomial,0.50,0.477701
OV,lyons,binomial,0.75,0.504238
OV,lyons,binomial,1.00,0.493429
OV,lyons,leglm,0.00,0.458536
OV,lyons,leglm,0.25,0.477732
OV,lyons,leglm,0.50,0.486177
OV,lyons,leglm,0.75,0.480444
OV,lyons,leglm,1.00,0.450827
OV,surprise,linear,0.00,0.520850
OV,surprise,linear,0.25,0.520051
OV,surprise,linear,0.50,0.517271
OV,surprise,linear,0.75,0.519528
OV,surprise,linear,1.00,0.532731
OV,surprise,sepnl_spline,0.00,0.560482
OV,surprise,sepnl_spline,0.25,0.561376
OV,surprise,sepnl_spline,0.50,0.560245
OV,surprise,sepnl_spline,0.75,0.563101
OV,surprise,sepnl_spline,1.00,0.580195
OV,surprise,sepnl_dists,0.00,0.554484
OV,surprise,sepnl_dists,0.25,0.550865
OV,surprise,sepnl_dists,0.50,0.549702
OV,surprise,sepnl_dists,0.75,0.548946
OV,surprise,sepnl_dists,1.00,0.569478
OV,surprise,poisson,0.00,0.272015
OV,surprise,poisson,0.25,0.259141
OV,surprise,poisson,0.50,0.254574
OV,surprise,poisson,0.75,0.263867
OV,surprise,poisson,1.00,0.302543
OV,surprise,binomial,0.00,0.451884
OV,surprise,binomial,0.25,0.452557
OV,surprise,binomial,0.50,0.453667
OV,surprise,binomial,0.75,0.463611
OV,surprise,binomial,1.00,0.471569
OV,surprise,leglm,0.00,0.474003
OV,surprise,leglm,0.25,0.473963
OV,surprise,leglm,0.50,0.469173
OV,surprise,leglm,0.75,0.476772
OV,surprise,leglm,1.00,0.491965
CM,rawspectrogram,linear,0.00,0.524531
CM,rawspectrogram,linear,0.25,0.530177
CM,rawspectrogram,linear,0.50,0.533937
CM,rawspectrogram,linear,0.75,0.534206
CM,rawspectrogram,linear,1.00,0.520956
CM,rawspectrogram,sepnl_spline,0.00,0.581623
CM,rawspectrogram,sepnl_spline,0.25,0.592806
CM,rawspectrogram,sepnl_spline,0.50,0.593738
CM,rawspectrogram,sepnl_spline,0.75,0.603990
CM,rawspectrogram,sepnl_spline,1.00,0.599740
CM,rawspectrogram,sepnl_dists,0.00,0.582389
CM,rawspectrogram,sepnl_dists,0.25,0.587755
CM,rawspectrogram,sepnl_dists,0.50,0.598904
CM,rawspectrogram,sepnl_dists,0.75,0.602173
CM,rawspectrogram,sepnl_dists,1.00,0.594797
CM,rawspectrogram,poisson,0.00,0.349376
CM,rawspectrogram,poisson,0.25,0.348578
CM,rawspectrogram,poisson,0.50,0.419019
CM,rawspectrogram,poisson,0.75,0.402289
CM,rawspectrogram,poisson,1.00,0.377071
CM,rawspectrogram,binomial,0.00,0.173173
CM,rawspectrogram,binomial,0.25,0.293488
CM,rawspectrogram,binomial,0.50,0.506873
CM,rawspectrogram,binomial,0.75,0.507976
CM,rawspectrogram,binomial,1.00,0.487518
CM,rawspectrogram,leglm,0.00,0.504408
CM,rawspectrogram,leglm,0.25,0.509690
CM,rawspectrogram,leglm,0.50,0.504238
CM,rawspectrogram,leglm,0.75,0.506784
CM,rawspectrogram,leglm,1.00,0.469008
CM,lyons,linear,0.00,0.601760
CM,lyons,linear,0.25,0.615585
CM,lyons,linear,0.50,0.622150
CM,lyons,linear,0.75,0.619793
CM,lyons,linear,1.00,0.607976
CM,lyons,sepnl_spline,0.00,0.636338
CM,lyons,sepnl_spline,0.25,0.660317
CM,lyons,sepnl_spline,0.50,0.657204
CM,lyons,sepnl_spline,0.75,0.662770
CM,lyons,sepnl_spline,1.00,0.645929
CM,lyons,sepnl_dists,0.00,0.611985
CM,lyons,sepnl_dists,0.25,0.648093
CM,lyons,sepnl_dists,0.50,0.654092
CM,lyons,sepnl_dists,0.75,0.642456
CM,lyons,sepnl_dists,1.00,0.628969
CM,lyons,poisson,0.00,0.253725
CM,lyons,poisson,0.25,0.364642
CM,lyons,poisson,0.50,0.432536
CM,lyons,poisson,0.75,0.410442
CM,lyons,poisson,1.00,0.400694
CM,lyons,binomial,0.00,0.185957
CM,lyons,binomial,0.25,0.335201
CM,lyons,binomial,0.50,0.360161
CM,lyons,binomial,0.75,0.513083
CM,lyons,binomial,1.00,0.496557
CM,lyons,leglm,0.00,0.502347
CM,lyons,leglm,0.25,0.507530
CM,lyons,leglm,0.50,0.502091
CM,lyons,leglm,0.75,0.503005
CM,lyons,leglm,1.00,0.494758
CM,surprise,linear,0.00,0.597572
CM,surprise,linear,0.25,0.598503
CM,surprise,linear,0.50,0.599190
CM,surprise,linear,0.75,0.599259
CM,surprise,linear,1.00,0.598211
CM,surprise,sepnl_spline,0.00,0.493634
CM,surprise,sepnl_spline,0.25,0.614010
CM,surprise,sepnl_spline,0.50,0.615667
CM,surprise,sepnl_spline,0.75,0.615833
CM,surprise,sepnl_spline,1.00,0.584947
CM,surprise,sepnl_dists,0.00,0.604120
CM,surprise,sepnl_dists,0.25,0.604941
CM,surprise,sepnl_dists,0.50,0.594753
CM,surprise,sepnl_dists,0.75,0.601293
CM,surprise,sepnl_dists,1.00,0.597246
CM,surprise,poisson,0.00,0.360838
CM,surprise,poisson,0.25,0.358649
CM,surprise,poisson,0.50,0.355014
CM,surprise,poisson,0.75,0.359473
CM,surprise,poisson,1.00,0.308166
CM,surprise,binomial,0.00,0.421519
CM,surprise,binomial,0.25,0.420140
CM,surprise,binomial,0.50,0.424881
CM,surprise,binomial,0.75,0.441164
CM,surprise,binomial,1.00,0.473971
CM,surprise,leglm,0.00,0.510945
CM,surprise,leglm,0.25,0.510683
CM,surprise,leglm,0.50,0.514518
CM,surprise,leglm,0.75,0.514201
CM,surprise,leglm,1.00,0.504028
L,rawspectrogram,linear,0.00,0.276990
L,rawspectrogram,linear,0.25,0.293225
L,rawspectrogram,linear,0.50,0.289098
L,rawspectrogram,linear,0.75,0.286586
L,rawspectrogram,linear,1.00,0.274599
L,rawspectrogram,sepnl_spline,0.00,0.325506
L,rawspectrogram,sepnl_spline,0.25,0.282130
L,rawspectrogram,sepnl_spline,0.50,0.339385
L,rawspectrogram,sepnl_spline,0.75,0.352249
L,rawspectrogram,sepnl_spline,1.00,0.352840
L,rawspectrogram,sepnl_dists,0.00,0.335241
L,rawspectrogram,sepnl_dists,0.25,0.339776
L,rawspectrogram,sepnl_dists,0.50,0.349567
L,rawspectrogram,sepnl_dists,0.75,0.361107
L,rawspectrogram,sepnl_dists,1.00,0.356129
L,rawspectrogram,poisson,0.00,0.141901
L,rawspectrogram,poisson,0.25,0.231182
L,rawspectrogram,poisson,0.50,0.296659
L,rawspectrogram,poisson,0.75,0.294373
L,rawspectrogram,poisson,1.00,0.325540
L,rawspectrogram,binomial,0.00,0.083389
L,rawspectrogram,binomial,0.25,0.090304
L,rawspectrogram,binomial,0.50,0.235773
L,rawspectrogram,binomial,0.75,0.304794
L,rawspectrogram,binomial,1.00,0.334749
L,rawspectrogram,leglm,0.00,0.201872
L,rawspectrogram,leglm,0.25,0.303457
L,rawspectrogram,leglm,0.50,0.315782
L,rawspectrogram,leglm,0.75,0.323498
L,rawspectrogram,leglm,1.00,0.333092
L,lyons,linear,0.00,0.240616
L,lyons,linear,0.25,0.243652
L,lyons,linear,0.50,0.246096
L,lyons,linear,0.75,0.246948
L,lyons,linear,1.00,0.225497
L,lyons,sepnl_spline,0.00,0.208752
L,lyons,sepnl_spline,0.25,0.254211
L,lyons,sepnl_spline,0.50,0.254572
L,lyons,sepnl_spline,0.75,0.256763
L,lyons,sepnl_spline,1.00,0.233642
L,lyons,sepnl_dists,0.00,0.250582
L,lyons,sepnl_dists,0.25,0.249604
L,lyons,sepnl_dists,0.50,0.255480
L,lyons,sepnl_dists,0.75,0.197015
L,lyons,sepnl_dists,1.00,0.198472
L,lyons,poisson,0.00,0.073523
L,lyons,poisson,0.25,0.136399
L,lyons,poisson,0.50,0.232849
L,lyons,poisson,0.75,0.225474
L,lyons,poisson,1.00,0.236509
L,lyons,binomial,0.00,0.143992
L,lyons,binomial,0.25,0.246447
L,lyons,binomial,0.50,0.253808
L,lyons,binomial,0.75,0.256037
L,lyons,binomial,1.00,0.245103
L,lyons,leglm,0.00,0.139559
L,lyons,leglm,0.25,0.249119
L,lyons,leglm,0.50,0.256217
L,lyons,leglm,0.75,0.259171
L,lyons,leglm,1.00,0.239060
L,surprise,linear,0.00,0.317755
L,surprise,linear,0.25,0.321000
L,surprise,linear,0.50,0.322268
L,surprise,linear,0.75,0.321650
L,surprise,linear,1.00,0.321064
L,surprise,sepnl_spline,0.00,0.320456
L,surprise,sepnl_spline,0.25,0.335796
L,surprise,sepnl_spline,0.50,0.337851
L,surprise,sepnl_spline,0.75,0.329771
L,surprise,sepnl_spline,1.00,0.320349
L,surprise,sepnl_dists,0.00,0.337507
L,surprise,sepnl_dists,0.25,0.343008
L,surprise,sepnl_dists,0.50,0.337926
L,surprise,sepnl_dists,0.75,0.322088
L,surprise,sepnl_dists,1.00,0.310575
L,surprise,poisson,0.00,0.336125
L,surprise,poisson,0.25,0.322702
L,surprise,poisson,0.50,0.307785
L,surprise,poisson,0.75,0.309336
L,surprise,poisson,1.00,0.294737
L,surprise,binomial,0.00,0.340305
L,surprise,binomial,0.25,0.340364
L,surprise,binomial,0.50,0.351434
L,surprise,binomial,0.75,0.366569
L,surprise,binomial,1.00,0.324396
L,surprise,leglm,0.00,0.374032
L,surprise,leglm,0.25,0.366823
L,surprise,leglm,0.50,0.362367
L,surprise,leglm,0.75,0.365333
L,surprise,leglm,1.00,0.322008
MLd,rawspectrogram,linear,0.00,0.418242
MLd,rawspectrogram,linear,0.25,0.423969
MLd,rawspectrogram,linear,0.50,0.425739
MLd,rawspectrogram,linear,0.75,0.420609
MLd,rawspectrogram,linear,1.00,0.405199
MLd,rawspectrogram,sepnl_spline,0.00,0.489058
MLd,rawspectrogram,sepnl_spline,0.25,0.533302
MLd,rawspectrogram,sepnl_spline,0.50,0.542305
MLd,rawspectrogram,sepnl_spline,0.75,0.496287
MLd,rawspectrogram,sepnl_spline,1.00,0.528737
MLd,rawspectrogram,sepnl_dists,0.00,0.514621
MLd,rawspectrogram,sepnl_dists,0.25,0.511147
MLd,rawspectrogram,sepnl_dists,0.50,0.521540
MLd,rawspectrogram,sepnl_dists,0.75,0.546253
MLd,rawspectrogram,sepnl_dists,1.00,0.528800
MLd,rawspectrogram,poisson,0.00,0.046043
MLd,rawspectrogram,poisson,0.25,0.224222
MLd,rawspectrogram,poisson,0.50,0.325256
MLd,rawspectrogram,poisson,0.75,0.246088
MLd,rawspectrogram,poisson,1.00,0.293973
MLd,rawspectrogram,binomial,0.00,0.165399
MLd,rawspectrogram,binomial,0.25,0.164690
MLd,rawspectrogram,binomial,0.50,0.369847
MLd,rawspectrogram,binomial,0.75,0.396370
MLd,rawspectrogram,binomial,1.00,0.390562
MLd,rawspectrogram,leglm,0.00,0.149200
MLd,rawspectrogram,leglm,0.25,0.236602
MLd,rawspectrogram,leglm,0.50,0.387781
MLd,rawspectrogram,leglm,0.75,0.381104
MLd,rawspectrogram,leglm,1.00,0.352443
MLd,lyons,linear,0.00,0.460384
MLd,lyons,linear,0.25,0.465041
MLd,lyons,linear,0.50,0.463263
MLd,lyons,linear,0.75,0.457626
MLd,lyons,linear,1.00,0.447298
MLd,lyons,sepnl_spline,0.00,0.538132
MLd,lyons,sepnl_spline,0.25,0.539715
MLd,lyons,sepnl_spline,0.50,0.525200
MLd,lyons,sepnl_spline,0.75,0.525790
MLd,lyons,sepnl_spline,1.00,0.509912
MLd,lyons,sepnl_dists,0.00,0.474047
MLd,lyons,sepnl_dists,0.25,0.467477
MLd,lyons,sepnl_dists,0.50,0.545314
MLd,lyons,sepnl_dists,0.75,0.532162
MLd,lyons,sepnl_dists,1.00,0.492326
MLd,lyons,poisson,0.00,0.037714
MLd,lyons,poisson,0.25,0.037639
MLd,lyons,poisson,0.50,0.332393
MLd,lyons,poisson,0.75,0.387151
MLd,lyons,poisson,1.00,0.367851
MLd,lyons,binomial,0.00,0.197872
MLd,lyons,binomial,0.25,0.136191
MLd,lyons,binomial,0.50,0.394670
MLd,lyons,binomial,0.75,0.437766
MLd,lyons,binomial,1.00,0.422296
MLd,lyons,leglm,0.00,0.122316
MLd,lyons,leglm,0.25,0.083157
MLd,lyons,leglm,0.50,0.407505
MLd,lyons,leglm,0.75,0.429826
MLd,lyons,leglm,1.00,0.418890
MLd,surprise,linear,0.00,0.513844
MLd,surprise,linear,0.25,0.509809
MLd,surprise,linear,0.50,0.507125
MLd,surprise,linear,0.75,0.504240
MLd,surprise,linear,1.00,0.494881
MLd,surprise,sepnl_spline,0.00,0.545419
MLd,surprise,sepnl_spline,0.25,0.537202
MLd,surprise,sepnl_spline,0.50,0.502543
MLd,surprise,sepnl_spline,0.75,0.529099
MLd,surprise,sepnl_spline,1.00,0.528508
MLd,surprise,sepnl_dists,0.00,0.493284
MLd,surprise,sepnl_dists,0.25,0.421780
MLd,surprise,sepnl_dists,0.50,0.494450
MLd,surprise,sepnl_dists,0.75,0.486678
MLd,surprise,sepnl_dists,1.00,0.461975
MLd,surprise,poisson,0.00,0.290593
MLd,surprise,poisson,0.25,0.269092
MLd,surprise,poisson,0.50,0.254909
MLd,surprise,poisson,0.75,0.231341
MLd,surprise,poisson,1.00,0.234987
MLd,surprise,binomial,0.00,0.384199
MLd,surprise,binomial,0.25,0.392007
MLd,surprise,binomial,0.50,0.389332
MLd,surprise,binomial,0.75,0.377380
MLd,surprise,binomial,1.00,0.326591
MLd,surprise,leglm,0.00,0.472910
MLd,surprise,leglm,0.25,0.457533
MLd,surprise,leglm,0.50,0.447183
MLd,surprise,leglm,0.75,0.392678
MLd,surprise,leglm,1.00,0.262973
OV,rawspectrogram,linear,0.00,0.153407
OV,rawspectrogram,linear,0.25,0.671491
OV,rawspectrogram,linear,0.50,0.676830
OV,rawspectrogram,linear,0.75,0.678295
OV,rawspectrogram,linear,1.00,0.676859
OV,rawspectrogram,sepnl_spline,0.00,0.609506
OV,rawspectrogram,sepnl_spline,0.25,0.671745
OV,rawspectrogram,sepnl_spline,0.50,0.670411
OV,rawspectrogram,sepnl_spline,0.75,0.654956
OV,rawspectrogram,sepnl_spline,1.00,0.678276
OV,rawspectrogram,sepnl_dists,0.00,0.362818
OV,rawspectrogram,sepnl_dists,0.25,0.537939
OV,rawspectrogram,sepnl_dists,0.50,0.540347
OV,rawspectrogram,sepnl_dists,0.75,0.544648
OV,rawspectrogram,sepnl_dists,1.00,0.542459
OV,rawspectrogram,poisson,0.00,0.656286
OV,rawspectrogram,poisson,0.25,0.665547
OV,rawspectrogram,poisson,0.50,0.666518
OV,rawspectrogram,poisson,0.75,0.668132
OV,rawspectrogram,poisson,1.00,0.666088
OV,rawspectrogram,binomial,0.00,0.475087
OV,rawspectrogram,binomial,0.25,0.512396
OV,rawspectrogram,binomial,0.50,0.668674
OV,rawspectrogram,binomial,0.75,0.672649
OV,rawspectrogram,binomial,1.00,0.675545
OV,rawspectrogram,leglm,0.00,0.655343
OV,rawspectrogram,leglm,0.25,0.678006
OV,rawspectrogram,leglm,0.50,0.680893
OV,rawspectrogram,leglm,0.75,0.682213
OV,rawspectrogram,leglm,1.00,0.680569
OV,lyons,linear,0.00,0.260275
OV,lyons,linear,0.25,0.633235
OV,lyons,linear,0.50,0.639526
OV,lyons,linear,0.75,0.642086
OV,lyons,linear,1.00,0.642350
OV,lyons,sepnl_spline,0.00,0.654659
OV,lyons,sepnl_spline,0.25,0.636589
OV,lyons,sepnl_spline,0.50,0.647025
OV,lyons,sepnl_spline,0.75,0.649447
OV,lyons,sepnl_spline,1.00,0.541063
OV,lyons,sepnl_dists,0.00,0.648474
OV,lyons,sepnl_dists,0.25,0.635854
OV,lyons,sepnl_dists,0.50,0.646025
OV,lyons,sepnl_dists,0.75,0.648965
OV,lyons,sepnl_dists,1.00,0.653571
OV,lyons,poisson,0.00,0.626394
OV,lyons,poisson,0.25,0.635861
OV,lyons,poisson,0.50,0.640037
OV,lyons,poisson,0.75,0.639269
OV,lyons,poisson,1.00,0.637312
OV,lyons,binomial,0.00,0.476743
OV,lyons,binomial,0.25,0.497391
OV,lyons,binomial,0.50,0.621442
OV,lyons,binomial,0.75,0.641007
OV,lyons,binomial,1.00,0.642262
OV,lyons,leglm,0.00,0.632323
OV,lyons,leglm,0.25,0.642392
OV,lyons,leglm,0.50,0.647900
OV,lyons,leglm,0.75,0.647040
OV,lyons,leglm,1.00,0.638180
OV,surprise,linear,0.00,0.586981
OV,surprise,linear,0.25,0.593275
OV,surprise,linear,0.50,0.596777
OV,surprise,linear,0.75,0.617183
OV,surprise,linear,1.00,0.646331
OV,surprise,sepnl_spline,0.00,0.457966
OV,surprise,sepnl_spline,0.25,0.559578
OV,surprise,sepnl_spline,0.50,0.584067
OV,surprise,sepnl_spline,0.75,0.610971
OV,surprise,sepnl_spline,1.00,0.648374
OV,surprise,sepnl_dists,0.00,0.485583
OV,surprise,sepnl_dists,0.25,0.490428
OV,surprise,sepnl_dists,0.50,0.492765
OV,surprise,sepnl_dists,0.75,0.506014
OV,surprise,sepnl_dists,1.00,0.657411
OV,surprise,poisson,0.00,0.622041
OV,surprise,poisson,0.25,0.623583
OV,surprise,poisson,0.50,0.620167
OV,surprise,poisson,0.75,0.627436
OV,surprise,poisson,1.00,0.642439
OV,surprise,binomial,0.00,0.551424
OV,surprise,binomial,0.25,0.553287
OV,surprise,binomial,0.50,0.568648
OV,surprise,binomial,0.75,0.602971
OV,surprise,binomial,1.00,0.647509
OV,surprise,leglm,0.00,0.619248
OV,surprise,leglm,0.25,0.620059
OV,surprise,leglm,0.50,0.617593
OV,surprise,leglm,0.75,0.623192
OV,surprise,leglm,1.00,0.640118
CM,rawspectrogram,linear,0.00,0.153482
CM,rawspectrogram,linear,0.25,0.153801
CM,rawspectrogram,linear,0.50,0.151327
CM,rawspectrogram,linear,0.75,0.156812
CM,rawspectrogram,linear,1.00,0.136686
CM,rawspectrogram,sepnl_spline,0.00,0.185364
CM,rawspectrogram,sepnl_spline,0.25,0.183818
CM,rawspectrogram,sepnl_spline,0.50,0.182034
CM,rawspectrogram,sepnl_spline,0.75,0.189183
CM,rawspectrogram,sepnl_spline,1.00,0.164748
CM,rawspectrogram,sepnl_dists,0.00,0.188175
CM,rawspectrogram,sepnl_dists,0.25,0.189285
CM,rawspectrogram,sepnl_dists,0.50,0.186118
CM,rawspectrogram,sepnl_dists,0.75,0.193095
CM,rawspectrogram,sepnl_dists,1.00,0.170174
CM,rawspectrogram,poisson,0.00,0.076637
CM,rawspectrogram,poisson,0.25,0.090322
CM,rawspectrogram,poisson,0.50,0.158203
CM,rawspectrogram,poisson,0.75,0.181550
CM,rawspectrogram,poisson,1.00,0.168637
CM,rawspectrogram,binomial,0.00,0.091063
CM,rawspectrogram,binomial,0.25,0.094562
CM,rawspectrogram,binomial,0.50,0.154404
CM,rawspectrogram,binomial,0.75,0.175460
CM,rawspectrogram,binomial,1.00,0.166533
CM,rawspectrogram,leglm,0.00,0.077148
CM,rawspectrogram,leglm,0.25,0.112015
CM,rawspectrogram,leglm,0.50,0.166692
CM,rawspectrogram,leglm,0.75,0.175763
CM,rawspectrogram,leglm,1.00,0.155577
CM,lyons,linear,0.00,0.144596
CM,lyons,linear,0.25,0.139960
CM,lyons,linear,0.50,0.152645
CM,lyons,linear,0.75,0.153198
CM,lyons,linear,1.00,0.134739
CM,lyons,sepnl_spline,0.00,0.140081
CM,lyons,sepnl_spline,0.25,0.136616
CM,lyons,sepnl_spline,0.50,0.146063
CM,lyons,sepnl_spline,0.75,0.148392
CM,lyons,sepnl_spline,1.00,0.130679
CM,lyons,sepnl_dists,0.00,0.143000
CM,lyons,sepnl_dists,0.25,0.136257
CM,lyons,sepnl_dists,0.50,0.146810
CM,lyons,sepnl_dists,0.75,0.152138
CM,lyons,sepnl_dists,1.00,0.130383
CM,lyons,poisson,0.00,0.076704
CM,lyons,poisson,0.25,0.076704
CM,lyons,poisson,0.50,0.146816
CM,lyons,poisson,0.75,0.187953
CM,lyons,poisson,1.00,0.151587
CM,lyons,binomial,0.00,0.085460
CM,lyons,binomial,0.25,0.087920
CM,lyons,binomial,0.50,0.146872
CM,lyons,binomial,0.75,0.190820
CM,lyons,binomial,1.00,0.160400
CM,lyons,leglm,0.00,0.076704
CM,lyons,leglm,0.25,0.094952
CM,lyons,leglm,0.50,0.140096
CM,lyons,leglm,0.75,0.182431
CM,lyons,leglm,1.00,0.146568
CM,surprise,linear,0.00,0.241226
CM,surprise,linear,0.25,0.240194
CM,surprise,linear,0.50,0.243179
CM,surprise,linear,0.75,0.241803
CM,surprise,linear,1.00,0.227417
CM,surprise,sepnl_spline,0.00,0.240988
CM,surprise,sepnl_spline,0.25,0.197888
CM,surprise,sepnl_spline,0.50,0.228780
CM,surprise,sepnl_spline,0.75,0.260199
CM,surprise,sepnl_spline,1.00,0.236129
CM,surprise,sepnl_dists,0.00,0.231411
CM,surprise,sepnl_dists,0.25,0.210202
CM,surprise,sepnl_dists,0.50,0.219921
CM,surprise,sepnl_dists,0.75,0.225965
CM,surprise,sepnl_dists,1.00,0.209585
CM,surprise,poisson,0.00,0.136722
CM,surprise,poisson,0.25,0.144583
CM,surprise,poisson,0.50,0.144938
CM,surprise,poisson,0.75,0.156673
CM,surprise,poisson,1.00,0.154157
CM,surprise,binomial,0.00,0.093509
CM,surprise,binomial,0.25,0.098000
CM,surprise,binomial,0.50,0.109578
CM,surprise,binomial,0.75,0.139305
CM,surprise,binomial,1.00,0.190118
CM,surprise,leglm,0.00,0.185780
CM,surprise,leglm,0.25,0.188080
CM,surprise,leglm,0.50,0.193602
CM,surprise,leglm,0.75,0.193403
CM,surprise,leglm,1.00,0.181211
L,rawspectrogram,linear,0.00,0.386059
L,rawspectrogram,linear,0.25,0.384498
L,rawspectrogram,linear,0.50,0.387251
L,rawspectrogram,linear,0.75,0.394018
L,rawspectrogram,linear,1.00,0.388005
L,rawspectrogram,sepnl_spline,0.00,0.448391
L,rawspectrogram,sepnl_spline,0.25,0.435068
L,rawspectrogram,sepnl_spline,0.50,0.449374
L,rawspectrogram,sepnl_spline,0.75,0.466975
L,rawspectrogram,sepnl_spline,1.00,0.468447
L,rawspectrogram,sepnl_dists,0.00,0.442676
L,rawspectrogram,sepnl_dists,0.25,0.444122
L,rawspectrogram,sepnl_dists,0.50,0.442425
L,rawspectrogram,sepnl_dists,0.75,0.459521
L,rawspectrogram,sepnl_dists,1.00,0.463221
L,rawspectrogram,poisson,0.00,0.288828
L,rawspectrogram,poisson,0.25,0.259897
L,rawspectrogram,poisson,0.50,0.369763
L,rawspectrogram,poisson,0.75,0.378175
L,rawspectrogram,poisson,1.00,0.388186
L,rawspectrogram,binomial,0.00,0.294233
L,rawspectrogram,binomial,0.25,0.297217
L,rawspectrogram,binomial,0.50,0.370356
L,rawspectrogram,binomial,0.75,0.394261
L,rawspectrogram,binomial,1.00,0.407749
L,rawspectrogram,leglm,0.00,0.345581
L,rawspectrogram,leglm,0.25,0.365511
L,rawspectrogram,leglm,0.50,0.394271
L,rawspectrogram,leglm,0.75,0.408339
L,rawspectrogram,leglm,1.00,0.401946
L,lyons,linear,0.00,0.459238
L,lyons,linear,0.25,0.462224
L,lyons,linear,0.50,0.466190
L,lyons,linear,0.75,0.463153
L,lyons,linear,1.00,0.444271
L,lyons,sepnl_spline,0.00,0.457004
L,lyons,sepnl_spline,0.25,0.504190
L,lyons,sepnl_spline,0.50,0.509286
L,lyons,sepnl_spline,0.75,0.511199
L,lyons,sepnl_spline,1.00,0.492190
L,lyons,sepnl_dists,0.00,0.476405
L,lyons,sepnl_dists,0.25,0.485761
L,lyons,sepnl_dists,0.50,0.505793
L,lyons,sepnl_dists,0.75,0.502943
L,lyons,sepnl_dists,1.00,0.489402
L,lyons,poisson,0.00,0.158120
L,lyons,poisson,0.25,0.162446
L,lyons,poisson,0.50,0.381541
L,lyons,poisson,0.75,0.451456
L,lyons,poisson,1.00,0.429723
L,lyons,binomial,0.00,0.145843
L,lyons,binomial,0.25,0.216193
L,lyons,binomial,0.50,0.328009
L,lyons,binomial,0.75,0.454061
L,lyons,binomial,1.00,0.441820
L,lyons,leglm,0.00,0.325897
L,lyons,leglm,0.25,0.444488
L,lyons,leglm,0.50,0.461652
L,lyons,leglm,0.75,0.460081
L,lyons,leglm,1.00,0.452047
L,surprise,linear,0.00,0.496334
L,surprise,linear,0.25,0.495923
L,surprise,linear,0.50,0.493760
L,surprise,linear,0.75,0.489020
L,surprise,linear,1.00,0.488020
L,surprise,sepnl_spline,0.00,0.506554
L,surprise,sepnl_spline,0.25,0.510771
L,surprise,sepnl_spline,0.50,0.507558
L,surprise,sepnl_spline,0.75,0.499967
L,surprise,sepnl_spline,1.00,0.497765
L,surprise,sepnl_dists,0.00,0.425884
L,surprise,sepnl_dists,0.25,0.471932
L,surprise,sepnl_dists,0.50,0.492708
L,surprise,sepnl_dists,0.75,0.485926
L,surprise,sepnl_dists,1.00,0.489102
L,surprise,poisson,0.00,0.401077
L,surprise,poisson,0.25,0.398391
L,surprise,poisson,0.50,0.406597
L,surprise,poisson,0.75,0.400445
L,surprise,poisson,1.00,0.372489
L,surprise,binomial,0.00,0.354402
L,surprise,binomial,0.25,0.351983
L,surprise,binomial,0.50,0.358666
L,surprise,binomial,0.75,0.383624
L,surprise,binomial,1.00,0.429309
L,surprise,leglm,0.00,0.473827
L,surprise,leglm,0.25,0.473515
L,surprise,leglm,0.50,0.481667
L,surprise,leglm,0.75,0.472168
L,surprise,leglm,1.00,0.425625
MLd,rawspectrogram,linear,0.00,0.327775
MLd,rawspectrogram,linear,0.25,0.334001
MLd,rawspectrogram,linear,0.50,0.333947
MLd,rawspectrogram,linear,0.75,0.335092
MLd,rawspectrogram,linear,1.00,0.314993
MLd,rawspectrogram,sepnl_spline,0.00,0.392566
MLd,rawspectrogram,sepnl_spline,0.25,0.392355
MLd,rawspectrogram,sepnl_spline,0.50,0.400716
MLd,rawspectrogram,sepnl_spline,0.75,0.409702
MLd,rawspectrogram,sepnl_spline,1.00,0.402508
MLd,rawspectrogram,sepnl_dists,0.00,0.379300
MLd,rawspectrogram,sepnl_dists,0.25,0.378584
MLd,rawspectrogram,sepnl_dists,0.50,0.389199
MLd,rawspectrogram,sepnl_dists,0.75,0.392156
MLd,rawspectrogram,sepnl_dists,1.00,0.390536
MLd,rawspectrogram,poisson,0.00,0.116458
MLd,rawspectrogram,poisson,0.25,0.161654
MLd,rawspectrogram,poisson,0.50,0.301852
MLd,rawspectrogram,poisson,0.75,0.264455
MLd,rawspectrogram,poisson,1.00,0.292860
MLd,rawspectrogram,binomial,0.00,0.112464
MLd,rawspectrogram,binomial,0.25,0.159118
MLd,rawspectrogram,binomial,0.50,0.297538
MLd,rawspectrogram,binomial,0.75,0.317857
MLd,rawspectrogram,binomial,1.00,0.309715
MLd,rawspectrogram,leglm,0.00,0.161304
MLd,rawspectrogram,leglm,0.25,0.189954
MLd,rawspectrogram,leglm,0.50,0.340552
MLd,rawspectrogram,leglm,0.75,0.327220
MLd,rawspectrogram,leglm,1.00,0.296433
MLd,lyons,linear,0.00,0.428847
MLd,lyons,linear,0.25,0.433673
MLd,lyons,linear,0.50,0.435498
MLd,lyons,linear,0.75,0.429864
MLd,lyons,linear,1.00,0.412223
MLd,lyons,sepnl_spline,0.00,0.486175
MLd,lyons,sepnl_spline,0.25,0.484838
MLd,lyons,sepnl_spline,0.50,0.485180
MLd,lyons,sepnl_spline,0.75,0.466211
MLd,lyons,sepnl_spline,1.00,0.447068
MLd,lyons,sepnl_dists,0.00,0.461632
MLd,lyons,sepnl_dists,0.25,0.469446
MLd,lyons,sepnl_dists,0.50,0.459018
MLd,lyons,sepnl_dists,0.75,0.387476
MLd,lyons,sepnl_dists,1.00,0.360597
MLd,lyons,poisson,0.00,0.112283
MLd,lyons,poisson,0.25,0.176689
MLd,lyons,poisson,0.50,0.408833
MLd,lyons,poisson,0.75,0.385574
MLd,lyons,poisson,1.00,0.326608
MLd,lyons,binomial,0.00,0.156984
MLd,lyons,binomial,0.25,0.125046
MLd,lyons,binomial,0.50,0.347369
MLd,lyons,binomial,0.75,0.449392
MLd,lyons,binomial,1.00,0.413796
MLd,lyons,leglm,0.00,0.162675
MLd,lyons,leglm,0.25,0.222991
MLd,lyons,leglm,0.50,0.462874
MLd,lyons,leglm,0.75,0.421392
MLd,lyons,leglm,1.00,0.391667
MLd,surprise,linear,0.00,0.410449
MLd,surprise,linear,0.25,0.406357
MLd,surprise,linear,0.50,0.409520
MLd,surprise,linear,0.75,0.405880
MLd,surprise,linear,1.00,0.406599
MLd,surprise,sepnl_spline,0.00,0.426302
MLd,surprise,sepnl_spline,0.25,0.340267
MLd,surprise,sepnl_spline,0.50,0.424963
MLd,surprise,sepnl_spline,0.75,0.421591
MLd,surprise,sepnl_spline,1.00,0.419162
MLd,surprise,sepnl_dists,0.00,0.404090
MLd,surprise,sepnl_dists,0.25,0.415717
MLd,surprise,sepnl_dists,0.50,0.401442
MLd,surprise,sepnl_dists,0.75,0.394926
MLd,surprise,sepnl_dists,1.00,0.398974
MLd,surprise,poisson,0.00,0.256548
MLd,surprise,poisson,0.25,0.263306
MLd,surprise,poisson,0.50,0.256663
MLd,surprise,poisson,0.75,0.223498
MLd,surprise,poisson,1.00,0.225198
MLd,surprise,binomial,0.00,0.268508
MLd,surprise,binomial,0.25,0.264302
MLd,surprise,binomial,0.50,0.275250
MLd,surprise,binomial,0.75,0.281471
MLd,surprise,binomial,1.00,0.288511
MLd,surprise,leglm,0.00,0.369531
MLd,surprise,leglm,0.25,0.366709
MLd,surprise,leglm,0.50,0.376389
MLd,surprise,leglm,0.75,0.366572
MLd,surprise,leglm,1.00,0.285029
OV,rawspectrogram,linear,0.00,0.669835
OV,rawspectrogram,linear,0.25,0.805068
OV,rawspectrogram,linear,0.50,0.809454
OV,rawspectrogram,linear,0.75,0.810338
OV,rawspectrogram,linear,1.00,0.806690
OV,rawspectrogram,sepnl_spline,0.00,0.715639
OV,rawspectrogram,sepnl_spline,0.25,0.804372
OV,rawspectrogram,sepnl_spline,0.50,0.808240
OV,rawspectrogram,sepnl_spline,0.75,0.804665
OV,rawspectrogram,sepnl_spline,1.00,0.817071
OV,rawspectrogram,sepnl_dists,0.00,0.722833
OV,rawspectrogram,sepnl_dists,0.25,0.809654
OV,rawspectrogram,sepnl_dists,0.50,0.820490
OV,rawspectrogram,sepnl_dists,0.75,0.822253
OV,rawspectrogram,sepnl_dists,1.00,0.821165
OV,rawspectrogram,poisson,0.00,0.754050
OV,rawspectrogram,poisson,0.25,0.760583
OV,rawspectrogram,poisson,0.50,0.765723
OV,rawspectrogram,poisson,0.75,0.767433
OV,rawspectrogram,poisson,1.00,0.753364
OV,rawspectrogram,binomial,0.00,0.522590
OV,rawspectrogram,binomial,0.25,0.520531
OV,rawspectrogram,binomial,0.50,0.758707
OV,rawspectrogram,binomial,0.75,0.762464
OV,rawspectrogram,binomial,1.00,0.765501
OV,rawspectrogram,leglm,0.00,0.774194
OV,rawspectrogram,leglm,0.25,0.789557
OV,rawspectrogram,leglm,0.50,0.794217
OV,rawspectrogram,leglm,0.75,0.791123
OV,rawspectrogram,leglm,1.00,0.777619
OV,lyons,linear,0.00,0.441992
OV,lyons,linear,0.25,0.801138
OV,lyons,linear,0.50,0.807015
OV,lyons,linear,0.75,0.810135
OV,lyons,linear,1.00,0.806137
OV,lyons,sepnl_spline,0.00,0.594717
OV,lyons,sepnl_spline,0.25,0.811037
OV,lyons,sepnl_spline,0.50,0.814510
OV,lyons,sepnl_spline,0.75,0.822363
OV,lyons,sepnl_spline,1.00,0.818688
OV,lyons,sepnl_dists,0.00,0.599083
OV,lyons,sepnl_dists,0.25,0.650501
OV,lyons,sepnl_dists,0.50,0.688821
OV,lyons,sepnl_dists,0.75,0.788555
OV,lyons,sepnl_dists,1.00,0.820886
OV,lyons,poisson,0.00,0.710950
OV,lyons,poisson,0.25,0.744759
OV,lyons,poisson,0.50,0.752614
OV,lyons,poisson,0.75,0.748126
OV,lyons,poisson,1.00,0.744017
OV,lyons,binomial,0.00,0.426055
OV,lyons,binomial,0.25,0.552501
OV,lyons,binomial,0.50,0.750231
OV,lyons,binomial,0.75,0.759093
OV,lyons,binomial,1.00,0.757180
OV,lyons,leglm,0.00,0.771351
OV,lyons,leglm,0.25,0.780046
OV,lyons,leglm,0.50,0.786877
OV,lyons,leglm,0.75,0.782793
OV,lyons,leglm,1.00,0.776913
OV,surprise,linear,0.00,0.591259
OV,surprise,linear,0.25,0.592642
OV,surprise,linear,0.50,0.591062
OV,surprise,linear,0.75,0.608405
OV,surprise,linear,1.00,0.643093
OV,surprise,sepnl_spline,0.00,0.587895
OV,surprise,sepnl_spline,0.25,0.590121
OV,surprise,sepnl_spline,0.50,0.587035
OV,surprise,sepnl_spline,0.75,0.604243
OV,surprise,sepnl_spline,1.00,0.645381
OV,surprise,sepnl_dists,0.00,0.588048
OV,surprise,sepnl_dists,0.25,0.589790
OV,surprise,sepnl_dists,0.50,0.587852
OV,surprise,sepnl_dists,0.75,0.605442
OV,surprise,sepnl_dists,1.00,0.645394
OV,surprise,poisson,0.00,0.583535
OV,surprise,poisson,0.25,0.590785
OV,surprise,poisson,0.50,0.591016
OV,surprise,poisson,0.75,0.605352
OV,surprise,poisson,1.00,0.605747
OV,surprise,binomial,0.00,0.470166
OV,surprise,binomial,0.25,0.483088
OV,surprise,binomial,0.50,0.507919
OV,surprise,binomial,0.75,0.554961
OV,surprise,binomial,1.00,0.614249
OV,surprise,leglm,0.00,0.601419
OV,surprise,leglm,0.25,0.605045
OV,surprise,leglm,0.50,0.599409
OV,surprise,leglm,0.75,0.608792
OV,surprise,leglm,1.00,0.602277
CM,rawspectrogram,linear,0.00,0.201367
CM,rawspectrogram,linear,0.25,0.201221
CM,rawspectrogram,linear,0.50,0.230006
CM,rawspectrogram,linear,0.75,0.229972
CM,rawspectrogram,linear,1.00,0.217541
CM,rawspectrogram,sepnl_spline,0.00,0.239619
CM,rawspectrogram,sepnl_spline,0.25,0.246846
CM,rawspectrogram,sepnl_spline,0.50,0.260264
CM,rawspectrogram,sepnl_spline,0.75,0.253915
CM,rawspectrogram,sepnl_spline,1.00,0.235932
CM,rawspectrogram,sepnl_dists,0.00,0.250352
CM,rawspectrogram,sepnl_dists,0.25,0.248581
CM,rawspectrogram,sepnl_dists,0.50,0.257668
CM,rawspectrogram,sepnl_dists,0.75,0.254276
CM,rawspectrogram,sepnl_dists,1.00,0.237989
CM,rawspectrogram,poisson,0.00,0.151596
CM,rawspectrogram,poisson,0.25,0.167542
CM,rawspectrogram,poisson,0.50,0.242306
CM,rawspectrogram,poisson,0.75,0.261483
CM,rawspectrogram,poisson,1.00,0.246274
CM,rawspectrogram,binomial,0.00,0.153199
CM,rawspectrogram,binomial,0.25,0.161018
CM,rawspectrogram,binomial,0.50,0.231544
CM,rawspectrogram,binomial,0.75,0.256369
CM,rawspectrogram,binomial,1.00,0.243998
CM,rawspectrogram,leglm,0.00,0.195109
CM,rawspectrogram,leglm,0.25,0.208327
CM,rawspectrogram,leglm,0.50,0.248607
CM,rawspectrogram,leglm,0.75,0.257378
CM,rawspectrogram,leglm,1.00,0.240582
CM,lyons,linear,0.00,0.194174
CM,lyons,linear,0.25,0.254597
CM,lyons,linear,0.50,0.266275
CM,lyons,linear,0.75,0.262742
CM,lyons,linear,1.00,0.250951
CM,lyons,sepnl_spline,0.00,0.266476
CM,lyons,sepnl_spline,0.25,0.275064
CM,lyons,sepnl_spline,0.50,0.292521
CM,lyons,sepnl_spline,0.75,0.286190
CM,lyons,sepnl_spline,1.00,0.235223
CM,lyons,sepnl_dists,0.00,0.270411
CM,lyons,sepnl_dists,0.25,0.297419
CM,lyons,sepnl_dists,0.50,0.294186
CM,lyons,sepnl_dists,0.75,0.282954
CM,lyons,sepnl_dists,1.00,0.262062
CM,lyons,poisson,0.00,0.146905
CM,lyons,poisson,0.25,0.169713
CM,lyons,poisson,0.50,0.232177
CM,lyons,poisson,0.75,0.335309
CM,lyons,poisson,1.00,0.324686
CM,lyons,binomial,0.00,0.165839
CM,lyons,binomial,0.25,0.165619
CM,lyons,binomial,0.50,0.268291
CM,lyons,binomial,0.75,0.331045
CM,lyons,binomial,1.00,0.321857
CM,lyons,leglm,0.00,0.172563
CM,lyons,leglm,0.25,0.179770
CM,lyons,leglm,0.50,0.270953
CM,lyons,leglm,0.75,0.328680
CM,lyons,leglm,1.00,0.297567
CM,surprise,linear,0.00,0.338604
CM,surprise,linear,0.25,0.336062
CM,surprise,linear,0.50,0.335902
CM,surprise,linear,0.75,0.327110
CM,surprise,linear,1.00,0.315323
CM,surprise,sepnl_spline,0.00,0.332278
CM,surprise,sepnl_spline,0.25,0.345698
CM,surprise,sepnl_spline,0.50,0.247615
CM,surprise,sepnl_spline,0.75,0.336819
CM,surprise,sepnl_spline,1.00,0.321742
CM,surprise,sepnl_dists,0.00,0.344733
CM,surprise,sepnl_dists,0.25,0.342685
CM,surprise,sepnl_dists,0.50,0.346135
CM,surprise,sepnl_dists,0.75,0.335281
CM,surprise,sepnl_dists,1.00,0.318347
CM,surprise,poisson,0.00,0.411025
CM,surprise,poisson,0.25,0.408628
CM,surprise,poisson,0.50,0.399913
CM,surprise,poisson,0.75,0.392258
CM,surprise,poisson,1.00,0.327474
CM,surprise,binomial,0.00,0.336800
CM,surprise,binomial,0.25,0.337450
CM,surprise,binomial,0.50,0.350831
CM,surprise,binomial,0.75,0.379300
CM,surprise,binomial,1.00,0.358177
CM,surprise,leglm,0.00,0.434855
CM,surprise,leglm,0.25,0.433679
CM,surprise,leglm,0.50,0.430199
CM,surprise,leglm,0.75,0.414009
CM,surprise,leglm,1.00,0.341599
L,rawspectrogram,linear,0.00,0.360308
L,rawspectrogram,linear,0.25,0.370554
L,rawspectrogram,linear,0.50,0.372413
L,rawspectrogram,linear,0.75,0.379517
L,rawspectrogram,linear,1.00,0.365704
L,rawspectrogram,sepnl_spline,0.00,0.424383
L,rawspectrogram,sepnl_spline,0.25,0.427240
L,rawspectrogram,sepnl_spline,0.50,0.438809
L,rawspectrogram,sepnl_spline,0.75,0.454137
L,rawspectrogram,sepnl_spline,1.00,0.446763
L,rawspectrogram,sepnl_dists,0.00,0.422537
L,rawspectrogram,sepnl_dists,0.25,0.430113
L,rawspectrogram,sepnl_dists,0.50,0.441030
L,rawspectrogram,sepnl_dists,0.75,0.455910
L,rawspectrogram,sepnl_dists,1.00,0.448412
L,rawspectrogram,poisson,0.00,0.164502
L,rawspectrogram,poisson,0.25,0.320190
L,rawspectrogram,poisson,0.50,0.388556
L,rawspectrogram,poisson,0.75,0.380354
L,rawspectrogram,poisson,1.00,0.360728
L,rawspectrogram,binomial,0.00,0.181603
L,rawspectrogram,binomial,0.25,0.204820
L,rawspectrogram,binomial,0.50,0.377668
L,rawspectrogram,binomial,0.75,0.402334
L,rawspectrogram,binomial,1.00,0.400675
L,rawspectrogram,leglm,0.00,0.233606
L,rawspectrogram,leglm,0.25,0.348524
L,rawspectrogram,leglm,0.50,0.420208
L,rawspectrogram,leglm,0.75,0.422476
L,rawspectrogram,leglm,1.00,0.400596
L,lyons,linear,0.00,0.460369
L,lyons,linear,0.25,0.468063
L,lyons,linear,0.50,0.475628
L,lyons,linear,0.75,0.475390
L,lyons,linear,1.00,0.461017
L,lyons,sepnl_spline,0.00,0.495355
L,lyons,sepnl_spline,0.25,0.415849
L,lyons,sepnl_spline,0.50,0.413538
L,lyons,sepnl_spline,0.75,0.518551
L,lyons,sepnl_spline,1.00,0.450303
L,lyons,sepnl_dists,0.00,0.483809
L,lyons,sepnl_dists,0.25,0.492971
L,lyons,sepnl_dists,0.50,0.503531
L,lyons,sepnl_dists,0.75,0.491122
L,lyons,sepnl_dists,1.00,0.489539
L,lyons,poisson,0.00,0.127592
L,lyons,poisson,0.25,0.194264
L,lyons,poisson,0.50,0.430234
L,lyons,poisson,0.75,0.397866
L,lyons,poisson,1.00,0.415820
L,lyons,binomial,0.00,0.246511
L,lyons,binomial,0.25,0.248143
L,lyons,binomial,0.50,0.410428
L,lyons,binomial,0.75,0.432962
L,lyons,binomial,1.00,0.445021
L,lyons,leglm,0.00,0.188221
L,lyons,leglm,0.25,0.390173
L,lyons,leglm,0.50,0.446395
L,lyons,leglm,0.75,0.454317
L,lyons,leglm,1.00,0.449911
L,surprise,linear,0.00,0.420579
L,surprise,linear,0.25,0.422498
L,surprise,linear,0.50,0.420411
L,surprise,linear,0.75,0.418693
L,surprise,linear,1.00,0.421187
L,surprise,sepnl_spline,0.00,0.428097
L,surprise,sepnl_spline,0.25,0.426631
L,surprise,sepnl_spline,0.50,0.424997
L,surprise,sepnl_spline,0.75,0.422924
L,surprise,sepnl_spline,1.00,0.352847
L,surprise,sepnl_dists,0.00,0.399535
L,surprise,sepnl_dists,0.25,0.418036
L,surprise,sepnl_dists,0.50,0.400045
L,surprise,sepnl_dists,0.75,0.412592
L,surprise,sepnl_dists,1.00,0.417064
L,surprise,poisson,0.00,0.304748
L,surprise,poisson,0.25,0.294579
L,surprise,poisson,0.50,0.271669
L,surprise,poisson,0.75,0.285638
L,surprise,poisson,1.00,0.336209
L,surprise,binomial,0.00,0.293653
L,surprise,binomial,0.25,0.294218
L,surprise,binomial,0.50,0.303262
L,surprise,binomial,0.75,0.328132
L,surprise,binomial,1.00,0.386030
L,surprise,leglm,0.00,0.402486
L,surprise,leglm,0.25,0.398299
L,surprise,leglm,0.50,0.391489
L,surprise,leglm,0.75,0.383819
L,surprise,leglm,1.00,0.382008
MLd,rawspectrogram,linear,0.00,0.127041
MLd,rawspectrogram,linear,0.25,0.126784
MLd,rawspectrogram,linear,0.50,0.129729
MLd,rawspectrogram,linear,0.75,0.129591
MLd,rawspectrogram,linear,1.00,0.112529
MLd,rawspectrogram,sepnl_spline,0.00,0.173726
MLd,rawspectrogram,sepnl_spline,0.25,0.172381
MLd,rawspectrogram,sepnl_spline,0.50,0.162095
MLd,rawspectrogram,sepnl_spline,0.75,0.181747
MLd,rawspectrogram,sepnl_spline,1.00,0.113217
MLd,rawspectrogram,sepnl_dists,0.00,0.182090
MLd,rawspectrogram,sepnl_dists,0.25,0.181571
MLd,rawspectrogram,sepnl_dists,0.50,0.160732
MLd,rawspectrogram,sepnl_dists,0.75,0.202375
MLd,rawspectrogram,sepnl_dists,1.00,0.181675
MLd,rawspectrogram,poisson,0.00,0.017161
MLd,rawspectrogram,poisson,0.25,0.017980
MLd,rawspectrogram,poisson,0.50,0.142668
MLd,rawspectrogram,poisson,0.75,0.170122
MLd,rawspectrogram,poisson,1.00,0.149291
MLd,rawspectrogram,binomial,0.00,0.015775
MLd,rawspectrogram,binomial,0.25,0.021280
MLd,rawspectrogram,binomial,0.50,0.113085
MLd,rawspectrogram,binomial,0.75,0.176528
MLd,rawspectrogram,binomial,1.00,0.160009
MLd,rawspectrogram,leglm,0.00,0.025015
MLd,rawspectrogram,leglm,0.25,0.048288
MLd,rawspectrogram,leglm,0.50,0.149819
MLd,rawspectrogram,leglm,0.75,0.199088
MLd,rawspectrogram,leglm,1.00,0.147719
MLd,lyons,linear,0.00,0.146937
MLd,lyons,linear,0.25,0.147695
MLd,lyons,linear,0.50,0.151804
MLd,lyons,linear,0.75,0.139821
MLd,lyons,linear,1.00,0.126442
MLd,lyons,sepnl_spline,0.00,0.130740
MLd,lyons,sepnl_spline,0.25,0.204484
MLd,lyons,sepnl_spline,0.50,0.192416
MLd,lyons,sepnl_spline,0.75,0.187790
MLd,lyons,sepnl_spline,1.00,0.170621
MLd,lyons,sepnl_dists,0.00,0.138247
MLd,lyons,sepnl_dists,0.25,0.158184
MLd,lyons,sepnl_dists,0.50,0.169823
MLd,lyons,sepnl_dists,0.75,0.144997
MLd,lyons,sepnl_dists,1.00,0.122983
MLd,lyons,poisson,0.00,0.007921
MLd,lyons,poisson,0.25,0.007977
MLd,lyons,poisson,0.50,0.080974
MLd,lyons,poisson,0.75,0.217551
MLd,lyons,poisson,1.00,0.254711
MLd,lyons,binomial,0.00,0.007476
MLd,lyons,binomial,0.25,0.050169
MLd,lyons,binomial,0.50,0.085560
MLd,lyons,binomial,0.75,0.204138
MLd,lyons,binomial,1.00,0.245299
MLd,lyons,leglm,0.00,0.008083
MLd,lyons,leglm,0.25,0.008138
MLd,lyons,leglm,0.50,0.135020
MLd,lyons,leglm,0.75,0.235560
MLd,lyons,leglm,1.00,0.223373
MLd,surprise,linear,0.00,0.146605
MLd,surprise,linear,0.25,0.146010
MLd,surprise,linear,0.50,0.147119
MLd,surprise,linear,0.75,0.148698
MLd,surprise,linear,1.00,0.151658
MLd,surprise,sepnl_spline,0.00,0.165073
MLd,surprise,sepnl_spline,0.25,0.161728
MLd,surprise,sepnl_spline,0.50,0.148584
MLd,surprise,sepnl_spline,0.75,0.170251
MLd,surprise,sepnl_spline,1.00,0.168178
MLd,surprise,sepnl_dists,0.00,0.171421
MLd,surprise,sepnl_dists,0.25,0.148333
MLd,surprise,sepnl_dists,0.50,0.164112
MLd,surprise,sepnl_dists,0.75,0.169851
MLd,surprise,sepnl_dists,1.00,0.149751
MLd,surprise,poisson,0.00,0.226493
MLd,surprise,poisson,0.25,0.225682
MLd,surprise,poisson,0.50,0.206725
MLd,surprise,poisson,0.75,0.261758
MLd,surprise,poisson,1.00,0.153722
MLd,surprise,binomial,0.00,0.165146
MLd,surprise,binomial,0.25,0.163151
MLd,surprise,binomial,0.50,0.153250
MLd,surprise,binomial,0.75,0.174247
MLd,surprise,binomial,1.00,0.185268
MLd,surprise,leglm,0.00,0.284472
MLd,surprise,leglm,0.25,0.271656
MLd,surprise,leglm,0.50,0.260857
MLd,surprise,leglm,0.75,0.289994
MLd,surprise,leglm,1.00,0.186898
OV,rawspectrogram,linear,0.00,0.449562
OV,rawspectrogram,linear,0.25,0.457464
OV,rawspectrogram,linear,0.50,0.533733
OV,rawspectrogram,linear,0.75,0.540420
OV,rawspectrogram,linear,1.00,0.537098
OV,rawspectrogram,sepnl_spline,0.00,0.532220
OV,rawspectrogram,sepnl_spline,0.25,0.529716
OV,rawspectrogram,sepnl_spline,0.50,0.536763
OV,rawspectrogram,sepnl_spline,0.75,0.515809
OV,rawspectrogram,sepnl_spline,1.00,0.558492
OV,rawspectrogram,sepnl_dists,0.00,0.536096
OV,rawspectrogram,sepnl_dists,0.25,0.536913
OV,rawspectrogram,sepnl_dists,0.50,0.545531
OV,rawspectrogram,sepnl_dists,0.75,0.554666
OV,rawspectrogram,sepnl_dists,1.00,0.555704
OV,rawspectrogram,poisson,0.00,0.504495
OV,rawspectrogram,poisson,0.25,0.504794
OV,rawspectrogram,poisson,0.50,0.540502
OV,rawspectrogram,poisson,0.75,0.546815
OV,rawspectrogram,poisson,1.00,0.543389
OV,rawspectrogram,binomial,0.00,0.419618
OV,rawspectrogram,binomial,0.25,0.424462
OV,rawspectrogram,binomial,0.50,0.497032
OV,rawspectrogram,binomial,0.75,0.541627
OV,rawspectrogram,binomial,1.00,0.542121
OV,rawspectrogram,leglm,0.00,0.544511
OV,rawspectrogram,leglm,0.25,0.546027
OV,rawspectrogram,leglm,0.50,0.545888
OV,rawspectrogram,leglm,0.75,0.552070
OV,rawspectrogram,leglm,1.00,0.543483
OV,lyons,linear,0.00,0.500136
OV,lyons,linear,0.25,0.609093
OV,lyons,linear,0.50,0.631937
OV,lyons,linear,0.75,0.638613
OV,lyons,linear,1.00,0.625281
OV,lyons,sepnl_spline,0.00,0.604983
OV,lyons,sepnl_spline,0.25,0.640234
OV,lyons,sepnl_spline,0.50,0.643592
OV,lyons,sepnl_spline,0.75,0.651691
OV,lyons,sepnl_spline,1.00,0.639336
OV,lyons,sepnl_dists,0.00,0.519379
OV,lyons,sepnl_dists,0.25,0.625936
OV,lyons,sepnl_dists,0.50,0.640409
OV,lyons,sepnl_dists,0.75,0.648834
OV,lyons,sepnl_dists,1.00,0.637929
OV,lyons,poisson,0.00,0.608134
OV,lyons,poisson,0.25,0.625322
OV,lyons,poisson,0.50,0.632091
OV,lyons,poisson,0.75,0.644223
OV,lyons,poisson,1.00,0.640671
OV,lyons,binomial,0.00,0.445115
OV,lyons,binomial,0.25,0.479133
OV,lyons,binomial,0.50,0.615024
OV,lyons,binomial,0.75,0.648699
OV,lyons,binomial,1.00,0.650408
OV,lyons,leglm,0.00,0.658726
OV,lyons,leglm,0.25,0.654087
OV,lyons,leglm,0.50,0.661766
OV,lyons,leglm,0.75,0.663674
OV,lyons,leglm,1.00,0.657950
OV,surprise,linear,0.00,0.545407
OV,surprise,linear,0.25,0.544297
OV,surprise,linear,0.50,0.543192
OV,surprise,linear,0.75,0.546749
OV,surprise,linear,1.00,0.564942
OV,surprise,sepnl_spline,0.00,0.548001
OV,surprise,sepnl_spline,0.25,0.543565
OV,surprise,sepnl_spline,0.50,0.541172
OV,surprise,sepnl_spline,0.75,0.545525
OV,surprise,sepnl_spline,1.00,0.568366
OV,surprise,sepnl_dists,0.00,0.549223
OV,surprise,sepnl_dists,0.25,0.549586
OV,surprise,sepnl_dists,0.50,0.540738
OV,surprise,sepnl_dists,0.75,0.544259
OV,surprise,sepnl_dists,1.00,0.564731
OV,surprise,poisson,0.00,0.574842
OV,surprise,poisson,0.25,0.573707
OV,surprise,poisson,0.50,0.578164
OV,surprise,poisson,0.75,0.580757
OV,surprise,poisson,1.00,0.554671
OV,surprise,binomial,0.00,0.440293
OV,surprise,binomial,0.25,0.432620
OV,surprise,binomial,0.50,0.446453
OV,surprise,binomial,0.75,0.501792
OV,surprise,binomial,1.00,0.562434
OV,surprise,leglm,0.00,0.586176
OV,surprise,leglm,0.25,0.584333
OV,surprise,leglm,0.50,0.586029
OV,surprise,leglm,0.75,0.582255
OV,surprise,leglm,1.00,0.567523
CM,rawspectrogram,linear,0.00,0.462703
CM,rawspectrogram,linear,0.25,0.471468
CM,rawspectrogram,linear,0.50,0.460423
CM,rawspectrogram,linear,0.75,0.459228
CM,rawspectrogram,linear,1.00,0.451906
CM,rawspectrogram,sepnl_spline,0.00,0.538535
CM,rawspectrogram,sepnl_spline,0.25,0.532450
CM,rawspectrogram,sepnl_spline,0.50,0.545201
CM,rawspectrogram,sepnl_spline,0.75,0.546012
CM,rawspectrogram,sepnl_spline,1.00,0.551043
CM,rawspectrogram,sepnl_dists,0.00,0.538532
CM,rawspectrogram,sepnl_dists,0.25,0.551635
CM,rawspectrogram,sepnl_dists,0.50,0.549581
CM,rawspectrogram,sepnl_dists,0.75,0.551404
CM,rawspectrogram,sepnl_dists,1.00,0.554909
CM,rawspectrogram,poisson,0.00,0.109711
CM,rawspectrogram,poisson,0.25,0.111165
CM,rawspectrogram,poisson,0.50,0.418536
CM,rawspectrogram,poisson,0.75,0.520866
CM,rawspectrogram,poisson,1.00,0.523354
CM,rawspectrogram,binomial,0.00,0.142583
CM,rawspectrogram,binomial,0.25,0.196941
CM,rawspectrogram,binomial,0.50,0.409170
CM,rawspectrogram,binomial,0.75,0.521236
CM,rawspectrogram,binomial,1.00,0.531692
CM,rawspectrogram,leglm,0.00,0.165415
CM,rawspectrogram,leglm,0.25,0.287483
CM,rawspectrogram,leglm,0.50,0.478298
CM,rawspectrogram,leglm,0.75,0.538133
CM,rawspectrogram,leglm,1.00,0.533463
CM,lyons,linear,0.00,0.533296
CM,lyons,linear,0.25,0.538861
CM,lyons,linear,0.50,0.537113
CM,lyons,linear,0.75,0.525383
CM,lyons,linear,1.00,0.495925
CM,lyons,sepnl_spline,0.00,0.582108
CM,lyons,sepnl_spline,0.25,0.589483
CM,lyons,sepnl_spline,0.50,0.574411
CM,lyons,sepnl_spline,0.75,0.577836
CM,lyons,sepnl_spline,1.00,0.540358
CM,lyons,sepnl_dists,0.00,0.566493
CM,lyons,sepnl_dists,0.25,0.584272
CM,lyons,sepnl_dists,0.50,0.585558
CM,lyons,sepnl_dists,0.75,0.569684
CM,lyons,sepnl_dists,1.00,0.535368
CM,lyons,poisson,0.00,0.105606
CM,lyons,poisson,0.25,0.136646
CM,lyons,poisson,0.50,0.230003
CM,lyons,poisson,0.75,0.560646
CM,lyons,poisson,1.00,0.536290
CM,lyons,binomial,0.00,0.172048
CM,lyons,binomial,0.25,0.130814
CM,lyons,binomial,0.50,0.140821
CM,lyons,binomial,0.75,0.558183
CM,lyons,binomial,1.00,0.560056
CM,lyons,leglm,0.00,0.140764
CM,lyons,leglm,0.25,0.213869
CM,lyons,leglm,0.50,0.317756
CM,lyons,leglm,0.75,0.577652
CM,lyons,leglm,1.00,0.549597
CM,surprise,linear,0.00,0.535828
CM,surprise,linear,0.25,0.534906
CM,surprise,linear,0.50,0.533703
CM,surprise,linear,0.75,0.536246
CM,surprise,linear,1.00,0.537325
CM,surprise,sepnl_spline,0.00,0.539104
CM,surprise,sepnl_spline,0.25,0.520956
CM,surprise,sepnl_spline,0.50,0.542300
CM,surprise,sepnl_spline,0.75,0.547018
CM,surprise,sepnl_spline,1.00,0.548292
CM,surprise,sepnl_dists,0.00,0.476053
CM,surprise,sepnl_dists,0.25,0.476314
CM,surprise,sepnl_dists,0.50,0.479848
CM,surprise,sepnl_dists,0.75,0.517875
CM,surprise,sepnl_dists,1.00,0.493840
CM,surprise,poisson,0.00,0.518645
CM,surprise,poisson,0.25,0.525225
CM,surprise,poisson,0.50,0.522918
CM,surprise,poisson,0.75,0.499002
CM,surprise,poisson,1.00,0.443636
CM,surprise,binomial,0.00,0.442862
CM,surprise,binomial,0.25,0.447841
CM,surprise,binomial,0.50,0.471714
CM,surprise,binomial,0.75,0.526036
CM,surprise,binomial,1.00,0.520817
CM,surprise,leglm,0.00,0.600940
CM,surprise,leglm,0.25,0.608759
CM,surprise,leglm,0.50,0.604344
CM,surprise,leglm,0.75,0.592319
CM,surprise,leglm,1.00,0.490283
