unit,region,preproc,model,thresh,score
pupu2122_2_B,L,rawspectrogram,linear,0.00,0.335345
pupu2122_2_B,L,rawspectrogram,linear,0.25,0.349194
pupu2122_2_B,L,rawspectrogram,linear,0.50,0.339919
pupu2122_2_B,L,rawspectrogram,linear,0.75,0.339643
pupu2122_2_B,L,rawspectrogram,linear,1.00,0.326446
pupu2122_2_B,L,rawspectrogram,sepnl_spline,0.00,0.429181
pupu2122_2_B,L,rawspectrogram,sepnl_spline,0.25,0.428890
pupu2122_2_B,L,rawspectrogram,sepnl_spline,0.50,0.432920
pupu2122_2_B,L,rawspectrogram,sepnl_spline,0.75,0.431843
pupu2122_2_B,L,rawspectrogram,sepnl_spline,1.00,0.445344
pupu2122_2_B,L,rawspectrogram,sepnl_dists,0.00,0.425787
pupu2122_2_B,L,rawspectrogram,sepnl_dists,0.25,0.425367
pupu2122_2_B,L,rawspectrogram,sepnl_dists,0.50,0.428892
pupu2122_2_B,L,rawspectrogram,sepnl_dists,0.75,0.438671
pupu2122_2_B,L,rawspectrogram,sepnl_dists,1.00,0.440851
pupu2122_2_B,L,rawspectrogram,poisson,0.00,0.248046
pupu2122_2_B,L,rawspectrogram,poisson,0.25,0.265349
pupu2122_2_B,L,rawspectrogram,poisson,0.50,0.345336
pupu2122_2_B,L,rawspectrogram,poisson,0.75,0.350448
pupu2122_2_B,L,rawspectrogram,poisson,1.00,0.362021
pupu2122_2_B,L,rawspectrogram,binomial,0.00,0.072855
pupu2122_2_B,L,rawspectrogram,binomial,0.25,0.117492
pupu2122_2_B,L,rawspectrogram,binomial,0.50,0.357871
pupu2122_2_B,L,rawspectrogram,binomial,0.75,0.393491
pupu2122_2_B,L,rawspectrogram,binomial,1.00,0.405586
pupu2122_2_B,L,rawspectrogram,leglm,0.00,0.352828
pupu2122_2_B,L,rawspectrogram,leglm,0.25,0.368090
pupu2122_2_B,L,rawspectrogram,leglm,0.50,0.381056
pupu2122_2_B,L,rawspectrogram,leglm,0.75,0.395027
pupu2122_2_B,L,rawspectrogram,leglm,1.00,0.389213
pupu2122_2_B,L,lyons,linear,0.00,0.408662
pupu2122_2_B,L,lyons,linear,0.25,0.409663
pupu2122_2_B,L,lyons,linear,0.50,0.413676
pupu2122_2_B,L,lyons,linear,0.75,0.411874
pupu2122_2_B,L,lyons,linear,1.00,0.391821
pupu2122_2_B,L,lyons,sepnl_spline,0.00,0.488654
pupu2122_2_B,L,lyons,sepnl_spline,0.25,0.490168
pupu2122_2_B,L,lyons,sepnl_spline,0.50,0.488975
pupu2122_2_B,L,lyons,sepnl_spline,0.75,0.491162
pupu2122_2_B,L,lyons,sepnl_spline,1.00,0.465918
pupu2122_2_B,L,lyons,sepnl_dists,0.00,0.393207
pupu2122_2_B,L,lyons,sepnl_dists,0.25,0.422196
pupu2122_2_B,L,lyons,sepnl_dists,0.50,0.399889
pupu2122_2_B,L,lyons,sepnl_dists,0.75,0.460532
pupu2122_2_B,L,lyons,sepnl_dists,1.00,0.463441
pupu2122_2_B,L,lyons,poisson,0.00,0.175211
pupu2122_2_B,L,lyons,poisson,0.25,0.307245
pupu2122_2_B,L,lyons,poisson,0.50,0.355090
pupu2122_2_B,L,lyons,poisson,0.75,0.342807
pupu2122_2_B,L,lyons,poisson,1.00,0.325918
pupu2122_2_B,L,lyons,binomial,0.00,0.153286
pupu2122_2_B,L,lyons,binomial,0.25,0.295497
pupu2122_2_B,L,lyons,binomial,0.50,0.320159
pupu2122_2_B,L,lyons,binomial,0.75,0.390633
pupu2122_2_B,L,lyons,binomial,1.00,0.374669
pupu2122_2_B,L,lyons,leglm,0.00,0.369635
pupu2122_2_B,L,lyons,leglm,0.25,0.382229
pupu2122_2_B,L,lyons,leglm,0.50,0.386063
pupu2122_2_B,L,lyons,leglm,0.75,0.374753
pupu2122_2_B,L,lyons,leglm,1.00,0.357071
pupu2122_2_B,L,surprise,linear,0.00,0.489907
pupu2122_2_B,L,surprise,linear,0.25,0.489746
pupu2122_2_B,L,surprise,linear,0.50,0.488179
pupu2122_2_B,L,surprise,linear,0.75,0.488707
pupu2122_2_B,L,surprise,linear,1.00,0.482853
pupu2122_2_B,L,surprise,sepnl_spline,0.00,0.505438
pupu2122_2_B,L,surprise,sepnl_spline,0.25,0.504561
pupu2122_2_B,L,surprise,sepnl_spline,0.50,0.500630
pupu2122_2_B,L,surprise,sepnl_spline,0.75,0.500313
pupu2122_2_B,L,surprise,sepnl_spline,1.00,0.488107
pupu2122_2_B,L,surprise,sepnl_dists,0.00,0.499470
pupu2122_2_B,L,surprise,sepnl_dists,0.25,0.489252
pupu2122_2_B,L,surprise,sepnl_dists,0.50,0.489790
pupu2122_2_B,L,surprise,sepnl_dists,0.75,0.483239
pupu2122_2_B,L,surprise,sepnl_dists,1.00,0.482747
pupu2122_2_B,L,surprise,poisson,0.00,0.277595
pupu2122_2_B,L,surprise,poisson,0.25,0.281330
pupu2122_2_B,L,surprise,poisson,0.50,0.283402
pupu2122_2_B,L,surprise,poisson,0.75,0.291610
pupu2122_2_B,L,surprise,poisson,1.00,0.343359
pupu2122_2_B,L,surprise,binomial,0.00,0.324786
pupu2122_2_B,L,surprise,binomial,0.25,0.324807
pupu2122_2_B,L,surprise,binomial,0.50,0.334062
pupu2122_2_B,L,surprise,binomial,0.75,0.358128
pupu2122_2_B,L,surprise,binomial,1.00,0.417840
pupu2122_2_B,L,surprise,leglm,0.00,0.425980
pupu2122_2_B,L,surprise,leglm,0.25,0.428751
pupu2122_2_B,L,surprise,leglm,0.50,0.433103
pupu2122_2_B,L,surprise,leglm,0.75,0.426450
pupu2122_2_B,L,surprise,leglm,1.00,0.423522
pupu2122_2_B,L,neurogram,linear,0.50,0.531056
pupu2122_2_B,L,neurogram,linear,1.00,0.511129
pupu2122_2_B,L,neurogram,sepnl_spline,0.50,0.544719
pupu2122_2_B,L,neurogram,sepnl_spline,1.00,0.526818
pupu2122_2_B,L,neurogram,sepnl_dists,0.50,0.519823
pupu2122_2_B,L,neurogram,sepnl_dists,1.00,0.496661
pupu2122_2_B,L,neurogram,leglm,0.50,0.382332
pupu2122_2_B,L,neurogram,leglm,1.00,0.336760
oo2015_9_A,L,rawspectrogram,linear,0.00,0.276990
oo2015_9_A,L,rawspectrogram,linear,0.25,0.293225
oo2015_9_A,L,rawspectrogram,linear,0.50,0.289098
oo2015_9_A,L,rawspectrogram,linear,0.75,0.286586
oo2015_9_A,L,rawspectrogram,linear,1.00,0.274599
oo2015_9_A,L,rawspectrogram,sepnl_spline,0.00,0.325506
oo2015_9_A,L,rawspectrogram,sepnl_spline,0.25,0.282130
oo2015_9_A,L,rawspectrogram,sepnl_spline,0.50,0.339385
oo2015_9_A,L,rawspectrogram,sepnl_spline,0.75,0.352249
oo2015_9_A,L,rawspectrogram,sepnl_spline,1.00,0.352840
oo2015_9_A,L,rawspectrogram,sepnl_dists,0.00,0.335241
oo2015_9_A,L,rawspectrogram,sepnl_dists,0.25,0.339776
oo2015_9_A,L,rawspectrogram,sepnl_dists,0.50,0.349567
oo2015_9_A,L,rawspectrogram,sepnl_dists,0.75,0.361107
oo2015_9_A,L,rawspectrogram,sepnl_dists,1.00,0.356129
oo2015_9_A,L,rawspectrogram,poisson,0.00,0.141901
oo2015_9_A,L,rawspectrogram,poisson,0.25,0.231182
oo2015_9_A,L,rawspectrogram,poisson,0.50,0.296659
oo2015_9_A,L,rawspectrogram,poisson,0.75,0.294373
oo2015_9_A,L,rawspectrogram,poisson,1.00,0.325540
oo2015_9_A,L,rawspectrogram,binomial,0.00,0.083389
oo2015_9_A,L,rawspectrogram,binomial,0.25,0.090304
oo2015_9_A,L,rawspectrogram,binomial,0.50,0.235773
oo2015_9_A,L,rawspectrogram,binomial,0.75,0.304794
oo2015_9_A,L,rawspectrogram,binomial,1.00,0.334749
oo2015_9_A,L,rawspectrogram,leglm,0.00,0.201872
oo2015_9_A,L,rawspectrogram,leglm,0.25,0.303457
oo2015_9_A,L,rawspectrogram,leglm,0.50,0.315782
oo2015_9_A,L,rawspectrogram,leglm,0.75,0.323498
oo2015_9_A,L,rawspectrogram,leglm,1.00,0.333092
oo2015_9_A,L,lyons,linear,0.00,0.240616
oo2015_9_A,L,lyons,linear,0.25,0.243652
oo2015_9_A,L,lyons,linear,0.50,0.246096
oo2015_9_A,L,lyons,linear,0.75,0.246948
oo2015_9_A,L,lyons,linear,1.00,0.225497
oo2015_9_A,L,lyons,sepnl_spline,0.00,0.208752
oo2015_9_A,L,lyons,sepnl_spline,0.25,0.254211
oo2015_9_A,L,lyons,sepnl_spline,0.50,0.254572
oo2015_9_A,L,lyons,sepnl_spline,0.75,0.256763
oo2015_9_A,L,lyons,sepnl_spline,1.00,0.233642
oo2015_9_A,L,lyons,sepnl_dists,0.00,0.250582
oo2015_9_A,L,lyons,sepnl_dists,0.25,0.249604
oo2015_9_A,L,lyons,sepnl_dists,0.50,0.255480
oo2015_9_A,L,lyons,sepnl_dists,0.75,0.197015
oo2015_9_A,L,lyons,sepnl_dists,1.00,0.198472
oo2015_9_A,L,lyons,poisson,0.00,0.073523
oo2015_9_A,L,lyons,poisson,0.25,0.136399
oo2015_9_A,L,lyons,poisson,0.50,0.232849
oo2015_9_A,L,lyons,poisson,0.75,0.225474
oo2015_9_A,L,lyons,poisson,1.00,0.236509
oo2015_9_A,L,lyons,binomial,0.00,0.143992
oo2015_9_A,L,lyons,binomial,0.25,0.246447
oo2015_9_A,L,lyons,binomial,0.50,0.253808
oo2015_9_A,L,lyons,binomial,0.75,0.256037
oo2015_9_A,L,lyons,binomial,1.00,0.245103
oo2015_9_A,L,lyons,leglm,0.00,0.139559
oo2015_9_A,L,lyons,leglm,0.25,0.249119
oo2015_9_A,L,lyons,leglm,0.50,0.256217
oo2015_9_A,L,lyons,leglm,0.75,0.259171
oo2015_9_A,L,lyons,leglm,1.00,0.239060
oo2015_9_A,L,surprise,linear,0.00,0.317755
oo2015_9_A,L,surprise,linear,0.25,0.321000
oo2015_9_A,L,surprise,linear,0.50,0.322268
oo2015_9_A,L,surprise,linear,0.75,0.321650
oo2015_9_A,L,surprise,linear,1.00,0.321064
oo2015_9_A,L,surprise,sepnl_spline,0.00,0.320456
oo2015_9_A,L,surprise,sepnl_spline,0.25,0.335796
oo2015_9_A,L,surprise,sepnl_spline,0.50,0.337851
oo2015_9_A,L,surprise,sepnl_spline,0.75,0.329771
oo2015_9_A,L,surprise,sepnl_spline,1.00,0.320349
oo2015_9_A,L,surprise,sepnl_dists,0.00,0.337507
oo2015_9_A,L,surprise,sepnl_dists,0.25,0.343008
oo2015_9_A,L,surprise,sepnl_dists,0.50,0.337926
oo2015_9_A,L,surprise,sepnl_dists,0.75,0.322088
oo2015_9_A,L,surprise,sepnl_dists,1.00,0.310575
oo2015_9_A,L,surprise,poisson,0.00,0.336125
oo2015_9_A,L,surprise,poisson,0.25,0.322702
oo2015_9_A,L,surprise,poisson,0.50,0.307785
oo2015_9_A,L,surprise,poisson,0.75,0.309336
oo2015_9_A,L,surprise,poisson,1.00,0.294737
oo2015_9_A,L,surprise,binomial,0.00,0.340305
oo2015_9_A,L,surprise,binomial,0.25,0.340364
oo2015_9_A,L,surprise,binomial,0.50,0.351434
oo2015_9_A,L,surprise,binomial,0.75,0.366569
oo2015_9_A,L,surprise,binomial,1.00,0.324396
oo2015_9_A,L,surprise,leglm,0.00,0.374032
oo2015_9_A,L,surprise,leglm,0.25,0.366823
oo2015_9_A,L,surprise,leglm,0.50,0.362367
oo2015_9_A,L,surprise,leglm,0.75,0.365333
oo2015_9_A,L,surprise,leglm,1.00,0.322008
oo2015_9_A,L,neurogram,linear,0.50,0.325461
oo2015_9_A,L,neurogram,linear,1.00,0.288492
oo2015_9_A,L,neurogram,sepnl_spline,0.50,0.341634
oo2015_9_A,L,neurogram,sepnl_spline,1.00,0.299669
oo2015_9_A,L,neurogram,sepnl_dists,0.50,0.326177
oo2015_9_A,L,neurogram,sepnl_dists,1.00,0.294785
oo2015_9_A,L,neurogram,leglm,0.50,0.305277
oo2015_9_A,L,neurogram,leglm,1.00,0.272184
yy1617_5_B,L,rawspectrogram,linear,0.00,0.386059
yy1617_5_B,L,rawspectrogram,linear,0.25,0.384498
yy1617_5_B,L,rawspectrogram,linear,0.50,0.387251
yy1617_5_B,L,rawspectrogram,linear,0.75,0.394018
yy1617_5_B,L,rawspectrogram,linear,1.00,0.388005
yy1617_5_B,L,rawspectrogram,sepnl_spline,0.00,0.448391
yy1617_5_B,L,rawspectrogram,sepnl_spline,0.25,0.435068
yy1617_5_B,L,rawspectrogram,sepnl_spline,0.50,0.449374
yy1617_5_B,L,rawspectrogram,sepnl_spline,0.75,0.466975
yy1617_5_B,L,rawspectrogram,sepnl_spline,1.00,0.468447
yy1617_5_B,L,rawspectrogram,sepnl_dists,0.00,0.442676
yy1617_5_B,L,rawspectrogram,sepnl_dists,0.25,0.444122
yy1617_5_B,L,rawspectrogram,sepnl_dists,0.50,0.442425
yy1617_5_B,L,rawspectrogram,sepnl_dists,0.75,0.459521
yy1617_5_B,L,rawspectrogram,sepnl_dists,1.00,0.463221
yy1617_5_B,L,rawspectrogram,poisson,0.00,0.288828
yy1617_5_B,L,rawspectrogram,poisson,0.25,0.259897
yy1617_5_B,L,rawspectrogram,poisson,0.50,0.369763
yy1617_5_B,L,rawspectrogram,poisson,0.75,0.378175
yy1617_5_B,L,rawspectrogram,poisson,1.00,0.388186
yy1617_5_B,L,rawspectrogram,binomial,0.00,0.294233
yy1617_5_B,L,rawspectrogram,binomial,0.25,0.297217
yy1617_5_B,L,rawspectrogram,binomial,0.50,0.370356
yy1617_5_B,L,rawspectrogram,binomial,0.75,0.394261
yy1617_5_B,L,rawspectrogram,binomial,1.00,0.407749
yy1617_5_B,L,rawspectrogram,leglm,0.00,0.345581
yy1617_5_B,L,rawspectrogram,leglm,0.25,0.365511
yy1617_5_B,L,rawspectrogram,leglm,0.50,0.394271
yy1617_5_B,L,rawspectrogram,leglm,0.75,0.408339
yy1617_5_B,L,rawspectrogram,leglm,1.00,0.401946
yy1617_5_B,L,lyons,linear,0.00,0.459238
yy1617_5_B,L,lyons,linear,0.25,0.462224
yy1617_5_B,L,lyons,linear,0.50,0.466190
yy1617_5_B,L,lyons,linear,0.75,0.463153
yy1617_5_B,L,lyons,linear,1.00,0.444271
yy1617_5_B,L,lyons,sepnl_spline,0.00,0.457004
yy1617_5_B,L,lyons,sepnl_spline,0.25,0.504190
yy1617_5_B,L,lyons,sepnl_spline,0.50,0.509286
yy1617_5_B,L,lyons,sepnl_spline,0.75,0.511199
yy1617_5_B,L,lyons,sepnl_spline,1.00,0.492190
yy1617_5_B,L,lyons,sepnl_dists,0.00,0.476405
yy1617_5_B,L,lyons,sepnl_dists,0.25,0.485761
yy1617_5_B,L,lyons,sepnl_dists,0.50,0.505793
yy1617_5_B,L,lyons,sepnl_dists,0.75,0.502943
yy1617_5_B,L,lyons,sepnl_dists,1.00,0.489402
yy1617_5_B,L,lyons,poisson,0.00,0.158120
yy1617_5_B,L,lyons,poisson,0.25,0.162446
yy1617_5_B,L,lyons,poisson,0.50,0.381541
yy1617_5_B,L,lyons,poisson,0.75,0.451456
yy1617_5_B,L,lyons,poisson,1.00,0.429723
yy1617_5_B,L,lyons,binomial,0.00,0.145843
yy1617_5_B,L,lyons,binomial,0.25,0.216193
yy1617_5_B,L,lyons,binomial,0.50,0.328009
yy1617_5_B,L,lyons,binomial,0.75,0.454061
yy1617_5_B,L,lyons,binomial,1.00,0.441820
yy1617_5_B,L,lyons,leglm,0.00,0.325897
yy1617_5_B,L,lyons,leglm,0.25,0.444488
yy1617_5_B,L,lyons,leglm,0.50,0.461652
yy1617_5_B,L,lyons,leglm,0.75,0.460081
yy1617_5_B,L,lyons,leglm,1.00,0.452047
yy1617_5_B,L,surprise,linear,0.00,0.496334
yy1617_5_B,L,surprise,linear,0.25,0.495923
yy1617_5_B,L,surprise,linear,0.50,0.493760
yy1617_5_B,L,surprise,linear,0.75,0.489020
yy1617_5_B,L,surprise,linear,1.00,0.488020
yy1617_5_B,L,surprise,sepnl_spline,0.00,0.506554
yy1617_5_B,L,surprise,sepnl_spline,0.25,0.510771
yy1617_5_B,L,surprise,sepnl_spline,0.50,0.507558
yy1617_5_B,L,surprise,sepnl_spline,0.75,0.499967
yy1617_5_B,L,surprise,sepnl_spline,1.00,0.497765
yy1617_5_B,L,surprise,sepnl_dists,0.00,0.425884
yy1617_5_B,L,surprise,sepnl_dists,0.25,0.471932
yy1617_5_B,L,surprise,sepnl_dists,0.50,0.492708
yy1617_5_B,L,surprise,sepnl_dists,0.75,0.485926
yy1617_5_B,L,surprise,sepnl_dists,1.00,0.489102
yy1617_5_B,L,surprise,poisson,0.00,0.401077
yy1617_5_B,L,surprise,poisson,0.25,0.398391
yy1617_5_B,L,surprise,poisson,0.50,0.406597
yy1617_5_B,L,surprise,poisson,0.75,0.400445
yy1617_5_B,L,surprise,poisson,1.00,0.372489
yy1617_5_B,L,surprise,binomial,0.00,0.354402
yy1617_5_B,L,surprise,binomial,0.25,0.351983
yy1617_5_B,L,surprise,binomial,0.50,0.358666
yy1617_5_B,L,surprise,binomial,0.75,0.383624
yy1617_5_B,L,surprise,binomial,1.00,0.429309
yy1617_5_B,L,surprise,leglm,0.00,0.473827
yy1617_5_B,L,surprise,leglm,0.25,0.473515
yy1617_5_B,L,surprise,leglm,0.50,0.481667
yy1617_5_B,L,surprise,leglm,0.75,0.472168
yy1617_5_B,L,surprise,leglm,1.00,0.425625
yy1617_5_B,L,neurogram,linear,0.50,0.545631
yy1617_5_B,L,neurogram,linear,1.00,0.545862
yy1617_5_B,L,neurogram,sepnl_spline,0.50,0.545681
yy1617_5_B,L,neurogram,sepnl_spline,1.00,0.562628
yy1617_5_B,L,neurogram,sepnl_dists,0.50,0.455728
yy1617_5_B,L,neurogram,sepnl_dists,1.00,0.447127
yy1617_5_B,L,neurogram,leglm,0.50,0.435044
yy1617_5_B,L,neurogram,leglm,1.00,0.438588
pupu0606_4_B,L,rawspectrogram,linear,0.00,0.360308
pupu0606_4_B,L,rawspectrogram,linear,0.25,0.370554
pupu0606_4_B,L,rawspectrogram,linear,0.50,0.372413
pupu0606_4_B,L,rawspectrogram,linear,0.75,0.379517
pupu0606_4_B,L,rawspectrogram,linear,1.00,0.365704
pupu0606_4_B,L,rawspectrogram,sepnl_spline,0.00,0.424383
pupu0606_4_B,L,rawspectrogram,sepnl_spline,0.25,0.427240
pupu0606_4_B,L,rawspectrogram,sepnl_spline,0.50,0.438809
pupu0606_4_B,L,rawspectrogram,sepnl_spline,0.75,0.454137
pupu0606_4_B,L,rawspectrogram,sepnl_spline,1.00,0.446763
pupu0606_4_B,L,rawspectrogram,sepnl_dists,0.00,0.422537
pupu0606_4_B,L,rawspectrogram,sepnl_dists,0.25,0.430113
pupu0606_4_B,L,rawspectrogram,sepnl_dists,0.50,0.441030
pupu0606_4_B,L,rawspectrogram,sepnl_dists,0.75,0.455910
pupu0606_4_B,L,rawspectrogram,sepnl_dists,1.00,0.448412
pupu0606_4_B,L,rawspectrogram,poisson,0.00,0.164502
pupu0606_4_B,L,rawspectrogram,poisson,0.25,0.320190
pupu0606_4_B,L,rawspectrogram,poisson,0.50,0.388556
pupu0606_4_B,L,rawspectrogram,poisson,0.75,0.380354
pupu0606_4_B,L,rawspectrogram,poisson,1.00,0.360728
pupu0606_4_B,L,rawspectrogram,binomial,0.00,0.181603
pupu0606_4_B,L,rawspectrogram,binomial,0.25,0.204820
pupu0606_4_B,L,rawspectrogram,binomial,0.50,0.377668
pupu0606_4_B,L,rawspectrogram,binomial,0.75,0.402334
pupu0606_4_B,L,rawspectrogram,binomial,1.00,0.400675
pupu0606_4_B,L,rawspectrogram,leglm,0.00,0.233606
pupu0606_4_B,L,rawspectrogram,leglm,0.25,0.348524
pupu0606_4_B,L,rawspectrogram,leglm,0.50,0.420208
pupu0606_4_B,L,rawspectrogram,leglm,0.75,0.422476
pupu0606_4_B,L,rawspectrogram,leglm,1.00,0.400596
pupu0606_4_B,L,lyons,linear,0.00,0.460369
pupu0606_4_B,L,lyons,linear,0.25,0.468063
pupu0606_4_B,L,lyons,linear,0.50,0.475628
pupu0606_4_B,L,lyons,linear,0.75,0.475390
pupu0606_4_B,L,lyons,linear,1.00,0.461017
pupu0606_4_B,L,lyons,sepnl_spline,0.00,0.495355
pupu0606_4_B,L,lyons,sepnl_spline,0.25,0.415849
pupu0606_4_B,L,lyons,sepnl_spline,0.50,0.413538
pupu0606_4_B,L,lyons,sepnl_spline,0.75,0.518551
pupu0606_4_B,L,lyons,sepnl_spline,1.00,0.450303
pupu0606_4_B,L,lyons,sepnl_dists,0.00,0.483809
pupu0606_4_B,L,lyons,sepnl_dists,0.25,0.492971
pupu0606_4_B,L,lyons,sepnl_dists,0.50,0.503531
pupu0606_4_B,L,lyons,sepnl_dists,0.75,0.491122
pupu0606_4_B,L,lyons,sepnl_dists,1.00,0.489539
pupu0606_4_B,L,lyons,poisson,0.00,0.127592
pupu0606_4_B,L,lyons,poisson,0.25,0.194264
pupu0606_4_B,L,lyons,poisson,0.50,0.430234
pupu0606_4_B,L,lyons,poisson,0.75,0.397866
pupu0606_4_B,L,lyons,poisson,1.00,0.415820
pupu0606_4_B,L,lyons,binomial,0.00,0.246511
pupu0606_4_B,L,lyons,binomial,0.25,0.248143
pupu0606_4_B,L,lyons,binomial,0.50,0.410428
pupu0606_4_B,L,lyons,binomial,0.75,0.432962
pupu0606_4_B,L,lyons,binomial,1.00,0.445021
pupu0606_4_B,L,lyons,leglm,0.00,0.188221
pupu0606_4_B,L,lyons,leglm,0.25,0.390173
pupu0606_4_B,L,lyons,leglm,0.50,0.446395
pupu0606_4_B,L,lyons,leglm,0.75,0.454317
pupu0606_4_B,L,lyons,leglm,1.00,0.449911
pupu0606_4_B,L,surprise,linear,0.00,0.420579
pupu0606_4_B,L,surprise,linear,0.25,0.422498
pupu0606_4_B,L,surprise,linear,0.50,0.420411
pupu0606_4_B,L,surprise,linear,0.75,0.418693
pupu0606_4_B,L,surprise,linear,1.00,0.421187
pupu0606_4_B,L,surprise,sepnl_spline,0.00,0.428097
pupu0606_4_B,L,surprise,sepnl_spline,0.25,0.426631
pupu0606_4_B,L,surprise,sepnl_spline,0.50,0.424997
pupu0606_4_B,L,surprise,sepnl_spline,0.75,0.422924
pupu0606_4_B,L,surprise,sepnl_spline,1.00,0.352847
pupu0606_4_B,L,surprise,sepnl_dists,0.00,0.399535
pupu0606_4_B,L,surprise,sepnl_dists,0.25,0.418036
pupu0606_4_B,L,surprise,sepnl_dists,0.50,0.400045
pupu0606_4_B,L,surprise,sepnl_dists,0.75,0.412592
pupu0606_4_B,L,surprise,sepnl_dists,1.00,0.417064
pupu0606_4_B,L,surprise,poisson,0.00,0.304748
pupu0606_4_B,L,surprise,poisson,0.25,0.294579
pupu0606_4_B,L,surprise,poisson,0.50,0.271669
pupu0606_4_B,L,surprise,poisson,0.75,0.285638
pupu0606_4_B,L,surprise,poisson,1.00,0.336209
pupu0606_4_B,L,surprise,binomial,0.00,0.293653
pupu0606_4_B,L,surprise,binomial,0.25,0.294218
pupu0606_4_B,L,surprise,binomial,0.50,0.303262
pupu0606_4_B,L,surprise,binomial,0.75,0.328132
pupu0606_4_B,L,surprise,binomial,1.00,0.386030
pupu0606_4_B,L,surprise,leglm,0.00,0.402486
pupu0606_4_B,L,surprise,leglm,0.25,0.398299
pupu0606_4_B,L,surprise,leglm,0.50,0.391489
pupu0606_4_B,L,surprise,leglm,0.75,0.383819
pupu0606_4_B,L,surprise,leglm,1.00,0.382008
pupu0606_4_B,L,neurogram,linear,0.50,0.464830
pupu0606_4_B,L,neurogram,linear,1.00,0.466613
pupu0606_4_B,L,neurogram,sepnl_spline,0.50,0.473205
pupu0606_4_B,L,neurogram,sepnl_spline,1.00,0.468006
pupu0606_4_B,L,neurogram,sepnl_dists,0.50,0.432659
pupu0606_4_B,L,neurogram,sepnl_dists,1.00,0.425814
pupu0606_4_B,L,neurogram,leglm,0.50,0.355718
pupu0606_4_B,L,neurogram,leglm,1.00,0.405283
oo1920_6_B,L,rawspectrogram,linear,0.00,0.333184
oo1920_6_B,L,rawspectrogram,linear,0.25,0.341570
oo1920_6_B,L,rawspectrogram,linear,0.50,0.355616
oo1920_6_B,L,rawspectrogram,linear,0.75,0.332654
oo1920_6_B,L,rawspectrogram,linear,1.00,0.297981
oo1920_6_B,L,rawspectrogram,sepnl_spline,0.00,0.407549
oo1920_6_B,L,rawspectrogram,sepnl_spline,0.25,0.385828
oo1920_6_B,L,rawspectrogram,sepnl_spline,0.50,0.360488
oo1920_6_B,L,rawspectrogram,sepnl_spline,0.75,0.438405
oo1920_6_B,L,rawspectrogram,sepnl_spline,1.00,0.437715
oo1920_6_B,L,rawspectrogram,sepnl_dists,0.00,0.361296
oo1920_6_B,L,rawspectrogram,sepnl_dists,0.25,0.369921
oo1920_6_B,L,rawspectrogram,sepnl_dists,0.50,0.391702
oo1920_6_B,L,rawspectrogram,sepnl_dists,0.75,0.398769
oo1920_6_B,L,rawspectrogram,sepnl_dists,1.00,0.385283
oo1920_6_B,L,rawspectrogram,poisson,0.00,0.192336
oo1920_6_B,L,rawspectrogram,poisson,0.25,0.197522
oo1920_6_B,L,rawspectrogram,poisson,0.50,0.345031
oo1920_6_B,L,rawspectrogram,poisson,0.75,0.393084
oo1920_6_B,L,rawspectrogram,poisson,1.00,0.447609
oo1920_6_B,L,rawspectrogram,binomial,0.00,0.148298
oo1920_6_B,L,rawspectrogram,binomial,0.25,0.156427
oo1920_6_B,L,rawspectrogram,binomial,0.50,0.308486
oo1920_6_B,L,rawspectrogram,binomial,0.75,0.396533
oo1920_6_B,L,rawspectrogram,binomial,1.00,0.445640
oo1920_6_B,L,rawspectrogram,leglm,0.00,0.192805
oo1920_6_B,L,rawspectrogram,leglm,0.25,0.225281
oo1920_6_B,L,rawspectrogram,leglm,0.50,0.359089
oo1920_6_B,L,rawspectrogram,leglm,0.75,0.411519
oo1920_6_B,L,rawspectrogram,leglm,1.00,0.431316
oo1920_6_B,L,lyons,linear,0.00,0.300509
oo1920_6_B,L,lyons,linear,0.25,0.291461
oo1920_6_B,L,lyons,linear,0.50,0.293127
oo1920_6_B,L,lyons,linear,0.75,0.284479
oo1920_6_B,L,lyons,linear,1.00,0.254239
oo1920_6_B,L,lyons,sepnl_spline,0.00,0.352397
oo1920_6_B,L,lyons,sepnl_spline,0.25,0.371699
oo1920_6_B,L,lyons,sepnl_spline,0.50,0.375437
oo1920_6_B,L,lyons,sepnl_spline,0.75,0.370070
oo1920_6_B,L,lyons,sepnl_spline,1.00,0.340443
oo1920_6_B,L,lyons,sepnl_dists,0.00,0.336513
oo1920_6_B,L,lyons,sepnl_dists,0.25,0.301406
oo1920_6_B,L,lyons,sepnl_dists,0.50,0.298330
oo1920_6_B,L,lyons,sepnl_dists,0.75,0.305492
oo1920_6_B,L,lyons,sepnl_dists,1.00,0.343829
oo1920_6_B,L,lyons,poisson,0.00,0.124149
oo1920_6_B,L,lyons,poisson,0.25,0.115749
oo1920_6_B,L,lyons,poisson,0.50,0.272058
oo1920_6_B,L,lyons,poisson,0.75,0.469474
oo1920_6_B,L,lyons,poisson,1.00,0.475610
oo1920_6_B,L,lyons,binomial,0.00,0.120011
oo1920_6_B,L,lyons,binomial,0.25,0.177987
oo1920_6_B,L,lyons,binomial,0.50,0.282892
oo1920_6_B,L,lyons,binomial,0.75,0.457747
oo1920_6_B,L,lyons,binomial,1.00,0.461593
oo1920_6_B,L,lyons,leglm,0.00,0.173143
oo1920_6_B,L,lyons,leglm,0.25,0.170358
oo1920_6_B,L,lyons,leglm,0.50,0.348421
oo1920_6_B,L,lyons,leglm,0.75,0.446574
oo1920_6_B,L,lyons,leglm,1.00,0.432114
oo1920_6_B,L,surprise,linear,0.00,0.365551
oo1920_6_B,L,surprise,linear,0.25,0.371336
oo1920_6_B,L,surprise,linear,0.50,0.367556
oo1920_6_B,L,surprise,linear,0.75,0.365168
oo1920_6_B,L,surprise,linear,1.00,0.350365
oo1920_6_B,L,surprise,sepnl_spline,0.00,0.441174
oo1920_6_B,L,surprise,sepnl_spline,0.25,0.441839
oo1920_6_B,L,surprise,sepnl_spline,0.50,0.442280
oo1920_6_B,L,surprise,sepnl_spline,0.75,0.324695
oo1920_6_B,L,surprise,sepnl_spline,1.00,0.414081
oo1920_6_B,L,surprise,sepnl_dists,0.00,0.448330
oo1920_6_B,L,surprise,sepnl_dists,0.25,0.438187
oo1920_6_B,L,surprise,sepnl_dists,0.50,0.421765
oo1920_6_B,L,surprise,sepnl_dists,0.75,0.409510
oo1920_6_B,L,surprise,sepnl_dists,1.00,0.443586
oo1920_6_B,L,surprise,poisson,0.00,0.353301
oo1920_6_B,L,surprise,poisson,0.25,0.345949
oo1920_6_B,L,surprise,poisson,0.50,0.332331
oo1920_6_B,L,surprise,poisson,0.75,0.329776
oo1920_6_B,L,surprise,poisson,1.00,0.307403
oo1920_6_B,L,surprise,binomial,0.00,0.240539
oo1920_6_B,L,surprise,binomial,0.25,0.233232
oo1920_6_B,L,surprise,binomial,0.50,0.237798
oo1920_6_B,L,surprise,binomial,0.75,0.309966
oo1920_6_B,L,surprise,binomial,1.00,0.372980
oo1920_6_B,L,surprise,leglm,0.00,0.389408
oo1920_6_B,L,surprise,leglm,0.25,0.384025
oo1920_6_B,L,surprise,leglm,0.50,0.383432
oo1920_6_B,L,surprise,leglm,0.75,0.377694
oo1920_6_B,L,surprise,leglm,1.00,0.342270
oo1920_6_B,L,neurogram,linear,0.50,0.342952
oo1920_6_B,L,neurogram,linear,1.00,0.324624
oo1920_6_B,L,neurogram,sepnl_spline,0.50,0.386703
oo1920_6_B,L,neurogram,sepnl_spline,1.00,0.363062
oo1920_6_B,L,neurogram,sepnl_dists,0.50,0.348337
oo1920_6_B,L,neurogram,sepnl_dists,1.00,0.321461
oo1920_6_B,L,neurogram,leglm,0.50,0.323877
oo1920_6_B,L,neurogram,leglm,1.00,0.296168
yy2728_4_B,L,rawspectrogram,linear,0.00,0.400908
yy2728_4_B,L,rawspectrogram,linear,0.25,0.422298
yy2728_4_B,L,rawspectrogram,linear,0.50,0.418879
yy2728_4_B,L,rawspectrogram,linear,0.75,0.417413
yy2728_4_B,L,rawspectrogram,linear,1.00,0.406499
yy2728_4_B,L,rawspectrogram,sepnl_spline,0.00,0.386495
yy2728_4_B,L,rawspectrogram,sepnl_spline,0.25,0.410086
yy2728_4_B,L,rawspectrogram,sepnl_spline,0.50,0.418110
yy2728_4_B,L,rawspectrogram,sepnl_spline,0.75,0.430975
yy2728_4_B,L,rawspectrogram,sepnl_spline,1.00,0.434073
yy2728_4_B,L,rawspectrogram,sepnl_dists,0.00,0.394176
yy2728_4_B,L,rawspectrogram,sepnl_dists,0.25,0.421518
yy2728_4_B,L,rawspectrogram,sepnl_dists,0.50,0.421637
yy2728_4_B,L,rawspectrogram,sepnl_dists,0.75,0.426700
yy2728_4_B,L,rawspectrogram,sepnl_dists,1.00,0.430526
yy2728_4_B,L,rawspectrogram,poisson,0.00,0.343501
yy2728_4_B,L,rawspectrogram,poisson,0.25,0.400410
yy2728_4_B,L,rawspectrogram,poisson,0.50,0.399939
yy2728_4_B,L,rawspectrogram,poisson,0.75,0.404332
yy2728_4_B,L,rawspectrogram,poisson,1.00,0.386983
yy2728_4_B,L,rawspectrogram,binomial,0.00,0.165273
yy2728_4_B,L,rawspectrogram,binomial,0.25,0.251944
yy2728_4_B,L,rawspectrogram,binomial,0.50,0.384444
yy2728_4_B,L,rawspectrogram,binomial,0.75,0.399483
yy2728_4_B,L,rawspectrogram,binomial,1.00,0.410206
yy2728_4_B,L,rawspectrogram,leglm,0.00,0.364189
yy2728_4_B,L,rawspectrogram,leglm,0.25,0.403488
yy2728_4_B,L,rawspectrogram,leglm,0.50,0.427444
yy2728_4_B,L,rawspectrogram,leglm,0.75,0.419868
yy2728_4_B,L,rawspectrogram,leglm,1.00,0.422934
yy2728_4_B,L,lyons,linear,0.00,0.332446
yy2728_4_B,L,lyons,linear,0.25,0.349212
yy2728_4_B,L,lyons,linear,0.50,0.362347
yy2728_4_B,L,lyons,linear,0.75,0.367467
yy2728_4_B,L,lyons,linear,1.00,0.359956
yy2728_4_B,L,lyons,sepnl_spline,0.00,0.327469
yy2728_4_B,L,lyons,sepnl_spline,0.25,0.343226
yy2728_4_B,L,lyons,sepnl_spline,0.50,0.361073
yy2728_4_B,L,lyons,sepnl_spline,0.75,0.373259
yy2728_4_B,L,lyons,sepnl_spline,1.00,0.367403
yy2728_4_B,L,lyons,sepnl_dists,0.00,0.326589
yy2728_4_B,L,lyons,sepnl_dists,0.25,0.336465
yy2728_4_B,L,lyons,sepnl_dists,0.50,0.357304
yy2728_4_B,L,lyons,sepnl_dists,0.75,0.370003
yy2728_4_B,L,lyons,sepnl_dists,1.00,0.362024
yy2728_4_B,L,lyons,poisson,0.00,0.172125
yy2728_4_B,L,lyons,poisson,0.25,0.283444
yy2728_4_B,L,lyons,poisson,0.50,0.307505
yy2728_4_B,L,lyons,poisson,0.75,0.261816
yy2728_4_B,L,lyons,poisson,1.00,0.279581
yy2728_4_B,L,lyons,binomial,0.00,0.167890
yy2728_4_B,L,lyons,binomial,0.25,0.218133
yy2728_4_B,L,lyons,binomial,0.50,0.323185
yy2728_4_B,L,lyons,binomial,0.75,0.285061
yy2728_4_B,L,lyons,binomial,1.00,0.295596
yy2728_4_B,L,lyons,leglm,0.00,0.280273
yy2728_4_B,L,lyons,leglm,0.25,0.283587
yy2728_4_B,L,lyons,leglm,0.50,0.298934
yy2728_4_B,L,lyons,leglm,0.75,0.295179
yy2728_4_B,L,lyons,leglm,1.00,0.299903
yy2728_4_B,L,surprise,linear,0.00,0.167366
yy2728_4_B,L,surprise,linear,0.25,0.166615
yy2728_4_B,L,surprise,linear,0.50,0.165959
yy2728_4_B,L,surprise,linear,0.75,0.165851
yy2728_4_B,L,surprise,linear,1.00,0.165455
yy2728_4_B,L,surprise,sepnl_spline,0.00,0.159717
yy2728_4_B,L,surprise,sepnl_spline,0.25,0.165847
yy2728_4_B,L,surprise,sepnl_spline,0.50,0.163721
yy2728_4_B,L,surprise,sepnl_spline,0.75,0.160502
yy2728_4_B,L,surprise,sepnl_spline,1.00,0.167442
yy2728_4_B,L,surprise,sepnl_dists,0.00,0.164520
yy2728_4_B,L,surprise,sepnl_dists,0.25,0.162824
yy2728_4_B,L,surprise,sepnl_dists,0.50,0.162059
yy2728_4_B,L,surprise,sepnl_dists,0.75,0.160823
yy2728_4_B,L,surprise,sepnl_dists,1.00,0.167660
yy2728_4_B,L,surprise,poisson,0.00,0.150802
yy2728_4_B,L,surprise,poisson,0.25,0.149816
yy2728_4_B,L,surprise,poisson,0.50,0.149190
yy2728_4_B,L,surprise,poisson,0.75,0.153964
yy2728_4_B,L,surprise,poisson,1.00,0.168357
yy2728_4_B,L,surprise,binomial,0.00,0.103559
yy2728_4_B,L,surprise,binomial,0.25,0.102714
yy2728_4_B,L,surprise,binomial,0.50,0.104613
yy2728_4_B,L,surprise,binomial,0.75,0.126621
yy2728_4_B,L,surprise,binomial,1.00,0.169117
yy2728_4_B,L,surprise,leglm,0.00,0.156389
yy2728_4_B,L,surprise,leglm,0.25,0.156048
yy2728_4_B,L,surprise,leglm,0.50,0.155069
yy2728_4_B,L,surprise,leglm,0.75,0.159911
yy2728_4_B,L,surprise,leglm,1.00,0.169647
yy2728_4_B,L,neurogram,linear,0.50,0.160863
yy2728_4_B,L,neurogram,linear,1.00,0.148145
yy2728_4_B,L,neurogram,sepnl_spline,0.50,0.164432
yy2728_4_B,L,neurogram,sepnl_spline,1.00,0.152846
yy2728_4_B,L,neurogram,sepnl_dists,0.50,0.166126
yy2728_4_B,L,neurogram,sepnl_dists,1.00,0.141107
yy2728_4_B,L,neurogram,leglm,0.50,0.162265
yy2728_4_B,L,neurogram,leglm,1.00,0.146849
ww1211_5_B,L,rawspectrogram,linear,0.00,0.331489
ww1211_5_B,L,rawspectrogram,linear,0.25,0.343426
ww1211_5_B,L,rawspectrogram,linear,0.50,0.329693
ww1211_5_B,L,rawspectrogram,linear,0.75,0.333228
ww1211_5_B,L,rawspectrogram,linear,1.00,0.328089
ww1211_5_B,L,rawspectrogram,sepnl_spline,0.00,0.372671
ww1211_5_B,L,rawspectrogram,sepnl_spline,0.25,0.378530
ww1211_5_B,L,rawspectrogram,sepnl_spline,0.50,0.380651
ww1211_5_B,L,rawspectrogram,sepnl_spline,0.75,0.388772
ww1211_5_B,L,rawspectrogram,sepnl_spline,1.00,0.401804
ww1211_5_B,L,rawspectrogram,sepnl_dists,0.00,0.371013
ww1211_5_B,L,rawspectrogram,sepnl_dists,0.25,0.378813
ww1211_5_B,L,rawspectrogram,sepnl_dists,0.50,0.380266
ww1211_5_B,L,rawspectrogram,sepnl_dists,0.75,0.388334
ww1211_5_B,L,rawspectrogram,sepnl_dists,1.00,0.403264
ww1211_5_B,L,rawspectrogram,poisson,0.00,0.101444
ww1211_5_B,L,rawspectrogram,poisson,0.25,0.171128
ww1211_5_B,L,rawspectrogram,poisson,0.50,0.317273
ww1211_5_B,L,rawspectrogram,poisson,0.75,0.335179
ww1211_5_B,L,rawspectrogram,poisson,1.00,0.346814
ww1211_5_B,L,rawspectrogram,binomial,0.00,0.092586
ww1211_5_B,L,rawspectrogram,binomial,0.25,0.116778
ww1211_5_B,L,rawspectrogram,binomial,0.50,0.231441
ww1211_5_B,L,rawspectrogram,binomial,0.75,0.340347
ww1211_5_B,L,rawspectrogram,binomial,1.00,0.369519
ww1211_5_B,L,rawspectrogram,leglm,0.00,0.172554
ww1211_5_B,L,rawspectrogram,leglm,0.25,0.281026
ww1211_5_B,L,rawspectrogram,leglm,0.50,0.346103
ww1211_5_B,L,rawspectrogram,leglm,0.75,0.360543
ww1211_5_B,L,rawspectrogram,leglm,1.00,0.372933
ww1211_5_B,L,lyons,linear,0.00,0.394271
ww1211_5_B,L,lyons,linear,0.25,0.396818
ww1211_5_B,L,lyons,linear,0.50,0.396215
ww1211_5_B,L,lyons,linear,0.75,0.391668
ww1211_5_B,L,lyons,linear,1.00,0.364665
ww1211_5_B,L,lyons,sepnl_spline,0.00,0.411560
ww1211_5_B,L,lyons,sepnl_spline,0.25,0.412709
ww1211_5_B,L,lyons,sepnl_spline,0.50,0.415810
ww1211_5_B,L,lyons,sepnl_spline,0.75,0.407914
ww1211_5_B,L,lyons,sepnl_spline,1.00,0.345858
ww1211_5_B,L,lyons,sepnl_dists,0.00,0.406393
ww1211_5_B,L,lyons,sepnl_dists,0.25,0.414988
ww1211_5_B,L,lyons,sepnl_dists,0.50,0.405866
ww1211_5_B,L,lyons,sepnl_dists,0.75,0.402025
ww1211_5_B,L,lyons,sepnl_dists,1.00,0.369192
ww1211_5_B,L,lyons,poisson,0.00,0.096177
ww1211_5_B,L,lyons,poisson,0.25,0.089774
ww1211_5_B,L,lyons,poisson,0.50,0.289410
ww1211_5_B,L,lyons,poisson,0.75,0.304802
ww1211_5_B,L,lyons,poisson,1.00,0.238861
ww1211_5_B,L,lyons,binomial,0.00,0.132862
ww1211_5_B,L,lyons,binomial,0.25,0.183863
ww1211_5_B,L,lyons,binomial,0.50,0.225927
ww1211_5_B,L,lyons,binomial,0.75,0.353136
ww1211_5_B,L,lyons,binomial,1.00,0.319733
ww1211_5_B,L,lyons,leglm,0.00,0.206906
ww1211_5_B,L,lyons,leglm,0.25,0.257175
ww1211_5_B,L,lyons,leglm,0.50,0.356957
ww1211_5_B,L,lyons,leglm,0.75,0.354088
ww1211_5_B,L,lyons,leglm,1.00,0.312575
ww1211_5_B,L,surprise,linear,0.00,0.408656
ww1211_5_B,L,surprise,linear,0.25,0.410464
ww1211_5_B,L,surprise,linear,0.50,0.410113
ww1211_5_B,L,surprise,linear,0.75,0.411798
ww1211_5_B,L,surprise,linear,1.00,0.405847
ww1211_5_B,L,surprise,sepnl_spline,0.00,0.411728
ww1211_5_B,L,surprise,sepnl_spline,0.25,0.419029
ww1211_5_B,L,surprise,sepnl_spline,0.50,0.420239
ww1211_5_B,L,surprise,sepnl_spline,0.75,0.418227
ww1211_5_B,L,surprise,sepnl_spline,1.00,0.413743
ww1211_5_B,L,surprise,sepnl_dists,0.00,0.412472
ww1211_5_B,L,surprise,sepnl_dists,0.25,0.414014
ww1211_5_B,L,surprise,sepnl_dists,0.50,0.412418
ww1211_5_B,L,surprise,sepnl_dists,0.75,0.410852
ww1211_5_B,L,surprise,sepnl_dists,1.00,0.398928
ww1211_5_B,L,surprise,poisson,0.00,0.365617
ww1211_5_B,L,surprise,poisson,0.25,0.360688
ww1211_5_B,L,surprise,poisson,0.50,0.355826
ww1211_5_B,L,surprise,poisson,0.75,0.353919
ww1211_5_B,L,surprise,poisson,1.00,0.330603
ww1211_5_B,L,surprise,binomial,0.00,0.328370
ww1211_5_B,L,surprise,binomial,0.25,0.329784
ww1211_5_B,L,surprise,binomial,0.50,0.333643
ww1211_5_B,L,surprise,binomial,0.75,0.344646
ww1211_5_B,L,surprise,binomial,1.00,0.376885
ww1211_5_B,L,surprise,leglm,0.00,0.413650
ww1211_5_B,L,surprise,leglm,0.25,0.417533
ww1211_5_B,L,surprise,leglm,0.50,0.425462
ww1211_5_B,L,surprise,leglm,0.75,0.426236
ww1211_5_B,L,surprise,leglm,1.00,0.380347
ww1211_5_B,L,neurogram,linear,0.50,0.460832
ww1211_5_B,L,neurogram,linear,1.00,0.442919
ww1211_5_B,L,neurogram,sepnl_spline,0.50,0.437351
ww1211_5_B,L,neurogram,sepnl_spline,1.00,0.443603
ww1211_5_B,L,neurogram,sepnl_dists,0.50,0.380405
ww1211_5_B,L,neurogram,sepnl_dists,1.00,0.350909
ww1211_5_B,L,neurogram,leglm,0.50,0.387132
ww1211_5_B,L,neurogram,leglm,1.00,0.360528
